date,district,tickets,prediction
2021-12-22,ประเวศ,1,11.835641138963457
2022-01-15,ประเวศ,1,10.156453311037627
2022-01-17,สาทร,6,6.374529221730288
2022-01-30,ประเวศ,1,10.954685497562942
2022-02-16,ดุสิต,1,4.91884560760673
2022-02-24,บางรัก,1,8.399260481897956
2022-03-04,พระนคร,1,6.107718980793132
2022-03-13,ประเวศ,1,10.23585775020029
2022-04-09,สะพานสูง,1,5.498511624882644
2022-04-10,จตุจักร,2,10.588037228648492
2022-04-26,จตุจักร,1,11.718597469226241
2022-04-28,คลองสาน,1,4.759734624618256
2022-04-30,จตุจักร,1,10.767234158996779
2022-05-02,บางเขน,2,8.547417369158493
2022-05-05,สวนหลวง,1,8.726983702640997
2022-05-11,ประเวศ,1,10.523147343031061
2022-05-19,ดินแดง,1,9.20956085275818
2022-05-24,จตุจักร,3,11.341473370327412
2022-05-25,บางขุนเทียน,1,9.716750957406935
2022-05-25,หลักสี่,1,5.8183913750225855
2022-05-26,คลองเตย,1,9.49061605931938
2022-05-26,จตุจักร,2,11.402920720382603
2022-05-26,หลักสี่,1,5.780075423067326
2022-05-27,คลองเตย,4,9.001871025574083
2022-05-28,ดุสิต,1,5.14577306672543
2022-05-28,พระนคร,1,6.781584205192419
2022-05-28,หนองจอก,1,5.8237901642592504
2022-05-29,คลองสามวา,17,6.6944669332653035
2022-05-29,จตุจักร,50,11.331631464092126
2022-05-29,บางคอแหลม,19,5.403396063658138
2022-05-29,บางเขน,15,8.964051029615197
2022-05-29,วังทองหลาง,12,6.421128582072157
2022-05-29,หนองแขม,4,5.2771010430614815
2022-05-30,จอมทอง,3,7.074363076491652
2022-05-30,ทวีวัฒนา,6,5.2533659066625535
2022-05-30,ปทุมวัน,15,12.766130729458535
2022-05-30,วัฒนา,8,12.949984744360359
2022-05-30,สายไหม,13,7.582642200189474
2022-05-30,หลักสี่,15,6.103716519760226
2022-05-31,คลองสาน,12,10.252323162575255
2022-05-31,คันนายาว,3,6.053334403042119
2022-05-31,จอมทอง,7,6.074237183381899
2022-05-31,ปทุมวัน,9,14.426175646429815
2022-05-31,พญาไท,7,14.190442832180125
2022-05-31,พระนคร,12,9.976515551042983
2022-05-31,ยานนาวา,17,11.133010189247173
2022-05-31,ราษฎร์บูรณะ,2,5.356879443990437
2022-05-31,ห้วยขวาง,16,17.358781760744343
2022-06-01,คลองสามวา,16,13.445714170970566
2022-06-01,ธนบุรี,12,7.572879548898013
2022-06-01,บางแค,16,15.046863374565977
2022-06-01,ปทุมวัน,12,15.1783398631512
2022-06-01,พระนคร,8,11.905018147221408
2022-06-01,ลาดกระบัง,18,14.711528189861621
2022-06-02,ดินแดง,28,13.294113507485879
2022-06-02,บางกะปิ,48,17.17490590377686
2022-06-02,บางพลัด,26,20.160573394885777
2022-06-02,ราชเทวี,35,22.494823763359253
2022-06-02,หลักสี่,24,10.001997926241106
2022-06-03,จอมทอง,20,15.623267721240364
2022-06-03,บางกะปิ,23,43.98784529472705
2022-06-03,บางขุนเทียน,21,17.53588090972379
2022-06-03,บางแค,20,22.97054514574998
2022-06-03,ภาษีเจริญ,16,12.393939163327378
2022-06-03,ราษฎร์บูรณะ,8,9.842391723541215
2022-06-03,วังทองหลาง,22,29.97337260092049
2022-06-04,คลองเตย,22,17.91234064216487
2022-06-04,ทวีวัฒนา,13,10.005172090699505
2022-06-04,ธนบุรี,13,10.810358417268684
2022-06-04,บางกะปิ,22,21.7523236576504
2022-06-04,บางซื่อ,25,33.06411395590209
2022-06-04,บางเขน,34,35.63301705155875
2022-06-04,ป้อมปราบศัตรูพ่าย,19,11.733612150468353
2022-06-04,ราชเทวี,28,34.757772549441015
2022-06-04,สะพานสูง,5,9.860291885609422
2022-06-04,สาทร,5,12.510059519672241
2022-06-04,หนองจอก,12,12.406153340958161
2022-06-05,คลองสามวา,48,12.509596364070557
2022-06-05,คลองเตย,42,20.2481533575651
2022-06-05,จตุจักร,117,50.7182871422063
2022-06-05,ดินแดง,41,17.676431753569894
2022-06-05,ดุสิต,8,9.769832380238311
2022-06-05,ปทุมวัน,36,22.769362843680078
2022-06-05,ลาดพร้าว,33,13.421637959422446
2022-06-05,สาทร,40,7.9300283933471345
2022-06-05,หนองแขม,24,6.8250583839874395
2022-06-06,ทุ่งครุ,20,14.96306206293485
2022-06-06,บางขุนเทียน,54,33.86783687827087
2022-06-06,บางบอน,26,15.833430906064368
2022-06-06,บางพลัด,46,28.405386050283767
2022-06-06,บางเขน,47,46.77145951489008
2022-06-06,ป้อมปราบศัตรูพ่าย,17,12.766924266387763
2022-06-06,พระนคร,14,24.528951672191827
2022-06-06,ภาษีเจริญ,23,12.181031636591317
2022-06-06,ราษฎร์บูรณะ,15,12.988834361941226
2022-06-06,สะพานสูง,27,24.521012781377536
2022-06-07,คลองเตย,38,43.73637280220194
2022-06-07,ดอนเมือง,34,32.78517737286446
2022-06-07,บางคอแหลม,25,12.386166644951569
2022-06-07,บางนา,43,42.40389948620632
2022-06-07,บางรัก,47,31.734092793270896
2022-06-07,บางแค,42,44.37319452922754
2022-06-07,พระโขนง,27,24.272686458898047
2022-06-07,ราชเทวี,54,41.90567193625644
2022-06-07,ลาดพร้าว,32,26.623818661020884
2022-06-07,สะพานสูง,29,24.521012781377536
2022-06-07,ห้วยขวาง,62,46.34288442525978
2022-06-08,ทวีวัฒนา,14,12.026541382630855
2022-06-08,ทุ่งครุ,28,14.96306206293485
2022-06-08,บางกอกน้อย,60,37.27620186474396
2022-06-08,ราชเทวี,65,45.46487378886772
2022-06-08,ราษฎร์บูรณะ,11,8.661541364525515
2022-06-08,หนองจอก,42,28.63621997499145
2022-06-09,คลองสาน,16,14.327893096356599
2022-06-09,จตุจักร,147,96.21251773145701
2022-06-09,ดอนเมือง,36,36.075152638033934
2022-06-09,ทุ่งครุ,19,22.48215677151513
2022-06-09,บางซื่อ,64,36.98656952320275
2022-06-09,พระนคร,28,24.707749428207197
2022-06-09,ยานนาวา,21,30.00889348147
2022-06-09,ราษฎร์บูรณะ,18,9.793825267968534
2022-06-09,สวนหลวง,77,52.398304524485994
2022-06-10,คลองสาน,15,13.327080758640545
2022-06-10,บางกอกน้อย,64,37.23497174444861
2022-06-10,บางบอน,27,13.862008511956432
2022-06-10,ป้อมปราบศัตรูพ่าย,38,27.69441555931048
2022-06-10,พระนคร,61,24.539278618869794
2022-06-10,มีนบุรี,38,29.716918230775274
2022-06-10,ลาดกระบัง,52,25.83057913317315
2022-06-10,สวนหลวง,62,51.404174759666965
2022-06-11,คลองสาน,41,13.674627624324268
2022-06-11,บางกอกน้อย,46,37.35838987053872
2022-06-11,บางรัก,29,39.11482808813133
2022-06-11,บางแค,52,45.815112669715404
2022-06-11,ป้อมปราบศัตรูพ่าย,29,29.09749928558535
2022-06-11,พระโขนง,17,26.47409544831666
2022-06-11,ภาษีเจริญ,26,28.81653821347873
2022-06-11,ลาดพร้าว,44,35.55743017075433
2022-06-12,จตุจักร,76,72.68928730170646
2022-06-12,จอมทอง,24,35.31495767823704
2022-06-12,บางขุนเทียน,22,41.12658943096822
2022-06-12,บางนา,71,34.516971303857794
2022-06-12,บางพลัด,27,39.353862474722845
2022-06-12,ปทุมวัน,33,41.09365781320545
2022-06-12,ประเวศ,38,46.75656238169063
2022-06-12,ยานนาวา,17,25.465960749695398
2022-06-12,วังทองหลาง,15,17.002341799611415
2022-06-12,สะพานสูง,14,15.939615693800459
2022-06-13,ดอนเมือง,42,16.422879186211826
2022-06-13,บางกอกใหญ่,8,22.43658625277668
2022-06-13,บางขุนเทียน,33,18.93511446889017
2022-06-13,บางรัก,22,32.31462105767837
2022-06-13,บึงกุ่ม,44,15.991716540250772
2022-06-13,ราชเทวี,41,39.70300474124943
2022-06-13,หนองจอก,16,14.097475038023651
2022-06-14,ดอนเมือง,19,35.38134815580092
2022-06-14,ทุ่งครุ,17,14.700481452286521
2022-06-14,ธนบุรี,31,25.948809438570628
2022-06-14,บางคอแหลม,17,18.652228133502714
2022-06-14,พระโขนง,8,13.241250127334675
2022-06-14,ภาษีเจริญ,20,11.974997923952387
2022-06-14,ลาดกระบัง,30,43.9000576497904
2022-06-14,ลาดพร้าว,26,13.768312446844709
2022-06-14,สวนหลวง,37,42.82869610490186
2022-06-14,สัมพันธวงศ์,6,6.135129394917357
2022-06-14,สายไหม,25,26.968597857916297
2022-06-14,หนองจอก,18,13.692494429733452
2022-06-14,ห้วยขวาง,59,41.1607897343571
2022-06-15,ดุสิต,21,10.019341338942144
2022-06-15,บางกอกน้อย,37,27.190629537914038
2022-06-15,บางกะปิ,57,40.52934086496391
2022-06-15,บางซื่อ,27,30.194952498026474
2022-06-15,ประเวศ,43,48.002008585303656
2022-06-15,พระนคร,15,12.073252706483949
2022-06-15,ภาษีเจริญ,28,15.267860327271524
2022-06-15,สวนหลวง,42,36.55320401840142
2022-06-15,หลักสี่,41,12.731978547324545
2022-06-15,ห้วยขวาง,50,47.19618054645579
2022-06-16,จตุจักร,121,63.775993318387386
2022-06-16,ธนบุรี,45,15.155395081917524
2022-06-16,บางกอกน้อย,29,33.61090548979983
2022-06-16,บางขุนเทียน,44,26.34686385406166
2022-06-16,บางคอแหลม,26,14.829416084202776
2022-06-16,บางพลัด,28,31.235948749811723
2022-06-16,ลาดกระบัง,39,34.41645124648789
2022-06-16,สายไหม,31,26.968597857916297
2022-06-16,หนองแขม,13,6.193011098426536
2022-06-17,คลองสามวา,29,34.62781970983106
2022-06-17,คลองเตย,61,44.044478137425436
2022-06-17,บางกอกน้อย,51,27.47863736909012
2022-06-17,บางกอกใหญ่,13,11.252929970821405
2022-06-17,บางขุนเทียน,25,40.63058811298449
2022-06-17,บางนา,68,42.08821676514883
2022-06-17,ประเวศ,42,37.29886180269976
2022-06-17,ป้อมปราบศัตรูพ่าย,15,11.599524448864988
2022-06-17,พญาไท,53,35.21307312008188
2022-06-17,พระนคร,32,14.155001126949804
2022-06-17,ภาษีเจริญ,25,28.827371546812067
2022-06-17,ยานนาวา,29,33.54104248498307
2022-06-17,ลาดกระบัง,38,35.74965912064946
2022-06-17,สวนหลวง,74,46.81466194584439
2022-06-17,สะพานสูง,33,32.63522321690852
2022-06-17,หนองแขม,17,11.32466701501919
2022-06-17,หลักสี่,18,32.579292269512884
2022-06-18,คลองสาน,22,15.448805842132874
2022-06-18,บางซื่อ,40,35.75696673824013
2022-06-18,บางพลัด,29,36.029662786084614
2022-06-18,บางเขน,42,46.310363395459675
2022-06-18,วัฒนา,33,46.38449056734009
2022-06-18,สัมพันธวงศ์,10,6.84599915573407
2022-06-19,พระโขนง,38,24.451146390623
2022-06-19,ภาษีเจริญ,22,19.476354827555
2022-06-19,ราชเทวี,47,41.90542649917173
2022-06-19,วัฒนา,35,31.55348139034
2022-06-19,สวนหลวง,69,21.15664224722783
2022-06-19,สาทร,30,29.607940524121283
2022-06-19,หลักสี่,27,15.799878112631806
2022-06-20,คลองสาน,26,14.502093120728706
2022-06-20,คันนายาว,25,12.340889123658645
2022-06-20,จอมทอง,29,31.227524059495885
2022-06-20,ดอนเมือง,34,7.8931626624345785
2022-06-20,ดินแดง,44,38.65215551904508
2022-06-20,บางรัก,41,25.762652508975446
2022-06-20,บางแค,43,38.022772184589336
2022-06-20,ป้อมปราบศัตรูพ่าย,19,12.354808428607985
2022-06-20,สวนหลวง,80,45.513039056121514
2022-06-21,ตลิ่งชัน,35,20.169026017821245
2022-06-21,บางคอแหลม,23,15.312198705605004
2022-06-21,บางซื่อ,53,38.949608634647674
2022-06-21,บางนา,50,42.829942123943646
2022-06-21,ประเวศ,46,47.86906958972175
2022-06-21,ยานนาวา,34,29.213693778924085
2022-06-21,ลาดกระบัง,61,44.44062917468697
2022-06-21,สวนหลวง,99,51.92813404154797
2022-06-22,ดินแดง,41,41.35201004533292
2022-06-22,ทุ่งครุ,17,16.333007223365183
2022-06-22,ธนบุรี,45,28.182080499791134
2022-06-22,บางกะปิ,65,47.68288432529313
2022-06-22,บางบอน,23,14.241502193008262
2022-06-22,บางรัก,53,38.311025499835615
2022-06-22,ราษฎร์บูรณะ,13,9.384915169342019
2022-06-22,ลาดกระบัง,47,44.44062917468697
2022-06-22,วังทองหลาง,29,32.81793944655758
2022-06-22,สะพานสูง,24,22.255117695009798
2022-06-23,คลองสาน,31,25.030206940608124
2022-06-23,บางคอแหลม,34,27.18001451145115
2022-06-23,บางซื่อ,51,42.90628767722892
2022-06-23,บางพลัด,29,35.97303789281527
2022-06-23,บางรัก,53,37.871494249835614
2022-06-23,บางแค,47,44.52137229933875
2022-06-23,วังทองหลาง,24,33.110854759417144
2022-06-23,วัฒนา,53,49.88205918274339
2022-06-23,หนองจอก,29,29.703498952693696
2022-06-24,จตุจักร,109,83.8372596714466
2022-06-24,บางซื่อ,34,42.6189926106848
2022-06-24,บึงกุ่ม,26,15.517338396255989
2022-06-24,พระโขนง,27,25.624646036934177
2022-06-24,ภาษีเจริญ,13,19.68722850766338
2022-06-24,สาทร,62,35.848130237486124
2022-06-24,หนองจอก,9,26.256447164096624
2022-06-25,บางนา,37,40.51309914249008
2022-06-25,บึงกุ่ม,21,27.371061270731133
2022-06-25,พระนคร,36,26.745043205198186
2022-06-25,ยานนาวา,30,35.50948380266933
2022-06-25,ลาดพร้าว,25,20.851410706762657
2022-06-25,สัมพันธวงศ์,12,6.873004727610768
2022-06-25,ห้วยขวาง,45,43.64233801134593
2022-06-26,ดอนเมือง,32,36.383826185161794
2022-06-26,ทวีวัฒนา,14,10.045748270618178
2022-06-26,บางแค,48,40.456653650853156
2022-06-26,ปทุมวัน,35,35.70974635489726
2022-06-26,ประเวศ,50,42.95036288943671
2022-06-26,พระโขนง,16,25.120271170796435
2022-06-26,มีนบุรี,26,37.10858818077001
2022-06-26,ราษฎร์บูรณะ,12,15.560114979903432
2022-06-26,ลาดพร้าว,40,27.71684575935447
2022-06-26,สะพานสูง,27,25.152155790275504
2022-06-26,หนองแขม,25,15.883140817359026
2022-06-26,หลักสี่,34,35.78147847120182
2022-06-27,คลองสามวา,43,33.75761869765542
2022-06-27,ดินแดง,59,27.484701395545393
2022-06-27,ดุสิต,31,8.546174084847628
2022-06-27,ตลิ่งชัน,25,31.21670677510148
2022-06-27,ทวีวัฒนา,14,12.234153810177649
2022-06-27,พระนคร,35,29.809641429549504
2022-06-27,ยานนาวา,38,26.327929791971552
2022-06-27,ราษฎร์บูรณะ,19,10.608490012014787
2022-06-27,หนองจอก,14,14.978464129167895
2022-06-28,คลองเตย,88,44.19471594748151
2022-06-28,ดินแดง,79,40.457637761174894
2022-06-28,บางกะปิ,95,42.662542849887664
2022-06-28,บางขุนเทียน,68,44.3152691383328
2022-06-28,บางแค,67,43.70530841939906
2022-06-28,พระโขนง,19,32.25489445818771
2022-06-28,ภาษีเจริญ,39,27.622749378211676
2022-06-28,ลาดกระบัง,54,38.70539769370128
2022-06-29,คลองสามวา,38,35.55858373372179
2022-06-29,บางพลัด,45,36.704608242923605
2022-06-29,บึงกุ่ม,35,30.617222488799136
2022-06-29,ประเวศ,57,46.97469730556372
2022-06-29,ป้อมปราบศัตรูพ่าย,20,14.979265760002113
2022-06-29,มีนบุรี,24,31.621572384120288
2022-06-29,วัฒนา,51,45.54751245872909
2022-06-29,สวนหลวง,58,45.86981127586701
2022-06-30,คลองเตย,43,42.96025947372882
2022-06-30,บางกอกน้อย,49,26.735171523175456
2022-06-30,บางนา,32,39.73427808447845
2022-06-30,ปทุมวัน,34,35.3220265407392
2022-06-30,ภาษีเจริญ,40,30.65354165386172
2022-06-30,ยานนาวา,27,25.946112316245852
2022-06-30,ราชเทวี,45,39.30001561369
2022-06-30,วังทองหลาง,25,41.49000656618676
2022-06-30,สัมพันธวงศ์,23,5.9946060080853485
2022-06-30,สาทร,43,35.88272658539205
2022-06-30,หนองแขม,21,22.460222638041284
2022-07-01,คันนายาว,7,13.719870366081611
2022-07-01,จตุจักร,129,69.7279562713756
2022-07-01,ทุ่งครุ,20,12.032724850057221
2022-07-01,บางกอกใหญ่,14,11.266374290043968
2022-07-01,บางขุนเทียน,38,32.09031922981389
2022-07-01,บางรัก,31,34.40168502281532
2022-07-01,พระนคร,26,17.79974521740808
2022-07-01,ยานนาวา,26,22.45750386954939
2022-07-01,สวนหลวง,24,43.27273313753624
2022-07-01,สะพานสูง,18,14.06248955190135
2022-07-01,สายไหม,29,14.561595410833414
2022-07-01,หนองจอก,17,11.783473866037834
2022-07-02,คลองเตย,22,40.078441405073654
2022-07-02,จอมทอง,34,25.053935426226367
2022-07-02,บางกรวย,1,6.54393176826747
2022-07-02,บางซื่อ,43,32.34322138892789
2022-07-02,บางรัก,23,22.99547744236984
2022-07-02,ปทุมวัน,37,31.766470187479165
2022-07-02,ป้อมปราบศัตรูพ่าย,13,19.020040496248185
2022-07-02,มีนบุรี,25,13.948983154269445
2022-07-02,ราชเทวี,41,41.513990602214264
2022-07-02,ราษฎร์บูรณะ,18,10.74259545843185
2022-07-02,สายไหม,23,24.634329356697556
2022-07-02,หลักสี่,22,12.486875993866745
2022-07-02,ห้วยขวาง,38,45.688341048513834
2022-07-03,จตุจักร,112,53.53075144342163
2022-07-03,ทุ่งครุ,14,14.292317421403817
2022-07-03,บางกอกใหญ่,13,11.569247506324873
2022-07-03,บางนา,37,32.68859150530047
2022-07-03,ประเวศ,51,33.14647356799027
2022-07-03,พญาไท,38,31.518581189538526
2022-07-03,ภาษีเจริญ,32,22.554527122238305
2022-07-03,ราชเทวี,34,34.217784761824646
2022-07-03,วังทองหลาง,41,32.73477036426727
2022-07-03,สะพานสูง,18,22.090847920597067
2022-07-04,คลองเตย,49,40.1794643615586
2022-07-04,คันนายาว,12,13.318447446402013
2022-07-04,ธนบุรี,19,28.01911415941921
2022-07-04,บางกะปิ,61,43.54591528396994
2022-07-04,บางขุนเทียน,30,23.41982921706259
2022-07-04,บางรัก,30,22.21489438603333
2022-07-04,บึงกุ่ม,31,15.08812250435688
2022-07-04,พญาไท,35,31.797065813277463
2022-07-04,ลาดพร้าว,42,27.63215407767487
2022-07-04,วังทองหลาง,30,33.63987079060619
2022-07-05,บางคอแหลม,22,14.471273846825198
2022-07-05,พระโขนง,24,13.421805646550524
2022-07-05,ยานนาวา,39,17.81522043978292
2022-07-05,วัฒนา,37,25.888625546151285
2022-07-05,ห้วยขวาง,49,30.942585759812136
2022-07-06,คันนายาว,16,13.171761854295065
2022-07-06,จอมทอง,22,15.351782082610137
2022-07-06,ดอนเมือง,21,24.547861132651057
2022-07-06,ทุ่งครุ,11,8.77566899140687
2022-07-06,บางกอกใหญ่,11,14.644570689752294
2022-07-06,บางคอแหลม,13,14.65123279810945
2022-07-06,บางแค,51,41.2872877832301
2022-07-06,สาทร,26,28.75225516888539
2022-07-07,คลองสามวา,16,26.978744265588652
2022-07-07,จอมทอง,31,15.105504351649103
2022-07-07,ดินแดง,63,31.11416329002497
2022-07-07,ธนบุรี,18,13.575226723331195
2022-07-07,บางบอน,18,15.09563119568806
2022-07-07,บางเขน,36,32.1373119629526
2022-07-07,ป้อมปราบศัตรูพ่าย,11,12.488583835914145
2022-07-07,ภาษีเจริญ,24,23.612392287608717
2022-07-07,สวนหลวง,32,35.73284496704148
2022-07-07,หนองจอก,9,13.831230724830814
2022-07-08,บางกะปิ,200,34.624011433117985
2022-07-08,บางขุนเทียน,27,29.878794577027186
2022-07-08,บางซื่อ,26,29.50233382849521
2022-07-08,บางนา,27,25.911268683850494
2022-07-08,บางบอน,22,13.620158560832289
2022-07-08,บึงกุ่ม,26,14.549800383874233
2022-07-08,ปทุมวัน,36,32.29462862489031
2022-07-08,สาทร,46,32.18852875001345
2022-07-08,หนองแขม,11,28.122160673973298
2022-07-09,คลองเตย,23,30.71326121440196
2022-07-09,บางกอกน้อย,9,13.225720556308492
2022-07-09,บางพลัด,60,28.998259170442548
2022-07-09,ภาษีเจริญ,35,20.644534310858013
2022-07-09,วังทองหลาง,16,28.86177041139809
2022-07-09,หนองแขม,13,10.120279108112165
2022-07-10,ทุ่งครุ,11,21.392384591991664
2022-07-10,บางกะปิ,35,35.317546502276564
2022-07-10,บางพลัด,17,36.88472579445574
2022-07-10,ประเวศ,30,42.412007817782225
2022-07-10,พญาไท,24,16.027000492394087
2022-07-10,ยานนาวา,9,11.910667564376643
2022-07-10,สวนหลวง,46,34.83483666195716
2022-07-10,สาทร,13,27.569659508202005
2022-07-11,คลองสามวา,11,15.521502753291077
2022-07-11,จตุจักร,61,43.91323777474498
2022-07-11,บางบอน,13,10.751394010137187
2022-07-11,บางเขน,21,24.997320559240933
2022-07-11,ปทุมวัน,29,23.882600733754096
2022-07-11,ภาษีเจริญ,26,24.868173400917488
2022-07-11,มีนบุรี,20,13.001605499303926
2022-07-11,ลาดพร้าว,17,15.605466216897828
2022-07-11,วังทองหลาง,23,11.657609357525999
2022-07-11,สายไหม,20,13.880648405784294
2022-07-11,ห้วยขวาง,38,26.044957943806764
2022-07-12,บางกะปิ,30,42.15295227413291
2022-07-12,บางขุนเทียน,46,18.40881206675466
2022-07-12,บางคอแหลม,20,12.578294303543029
2022-07-12,บึงกุ่ม,35,24.67879303393402
2022-07-12,ปทุมวัน,23,22.627608551457804
2022-07-12,พญาไท,24,30.959335377728696
2022-07-12,ราษฎร์บูรณะ,12,6.934208451010305
2022-07-12,ลาดกระบัง,29,32.26520059427112
2022-07-12,วัฒนา,27,25.49790339690984
2022-07-12,สาทร,27,27.587359580183623
2022-07-12,สายไหม,22,15.528589854715293
2022-07-12,หนองจอก,12,12.866634673505711
2022-07-12,หลักสี่,19,9.878939131117194
2022-07-12,ห้วยขวาง,35,32.97849472807779
2022-07-13,คลองสามวา,12,11.775965761320721
2022-07-13,คันนายาว,7,12.200845517350455
2022-07-13,ดอนเมือง,16,26.999265199211692
2022-07-13,ทวีวัฒนา,4,9.468141696138861
2022-07-13,บางกะปิ,37,26.83155343656003
2022-07-13,บางซื่อ,12,14.812902924231867
2022-07-13,บางบอน,15,17.87145220729757
2022-07-13,พระนคร,10,14.407562700599154
2022-07-13,มีนบุรี,27,12.323249913840819
2022-07-13,วัฒนา,17,24.252181214937146
2022-07-13,สวนหลวง,30,35.132999618984016
2022-07-13,สัมพันธวงศ์,1,5.880210373347597
2022-07-14,บางขุนเทียน,17,28.11428484039654
2022-07-14,บางซื่อ,37,12.637869872257067
2022-07-14,บึงกุ่ม,10,13.329342241282443
2022-07-14,ปทุมวัน,18,17.78512253134709
2022-07-14,ประเวศ,25,25.320788342423675
2022-07-14,พระโขนง,40,14.493951241968873
2022-07-14,ยานนาวา,29,10.540143344582923
2022-07-14,หนองแขม,3,12.028886246460685
2022-07-14,ห้วยขวาง,23,25.779030091060115
2022-07-15,ดินแดง,26,15.277977123364613
2022-07-15,ดุสิต,8,6.981600153911986
2022-07-15,บางกอกใหญ่,13,8.482184904599656
2022-07-15,ปทุมวัน,23,18.125150812385243
2022-07-15,ราชเทวี,32,31.477288591484303
2022-07-15,ราษฎร์บูรณะ,14,9.95068143845413
2022-07-15,ลาดกระบัง,22,23.48063643513449
2022-07-15,สัมพันธวงศ์,6,6.286798949098648
2022-07-15,หนองจอก,8,12.997340800517819
2022-07-16,จตุจักร,42,44.47696515996446
2022-07-16,ตลิ่งชัน,18,13.965814060260339
2022-07-16,บางกอกน้อย,7,14.123563789013923
2022-07-16,บางขุนเทียน,15,17.921637976404774
2022-07-16,บางคอแหลม,9,13.218312166081953
2022-07-16,มีนบุรี,11,11.803911085800168
2022-07-16,วังทองหลาง,12,12.876916436632808
2022-07-16,สวนหลวง,14,25.988807646688294
2022-07-16,สะพานสูง,15,11.217311560496015
2022-07-16,สายไหม,12,10.174192927396524
2022-07-16,หนองจอก,16,8.554386712134868
2022-07-16,หลักสี่,16,13.37381251707022
2022-07-17,คลองเตย,29,22.57632429656329
2022-07-17,ตลิ่งชัน,6,13.839183976905892
2022-07-17,บางกอกใหญ่,4,6.851321349800192
2022-07-17,บางกะปิ,15,18.25954748554781
2022-07-17,บางพลัด,26,15.180674756701595
2022-07-17,บางรัก,7,13.285400335501166
2022-07-17,บึงกุ่ม,19,13.05146116215171
2022-07-17,พระนคร,15,14.45066213363782
2022-07-17,ราชเทวี,20,20.628055867042328
2022-07-17,ราษฎร์บูรณะ,2,6.947089360951127
2022-07-17,ลาดพร้าว,25,12.73105822565594
2022-07-17,วังทองหลาง,13,11.772212201263489
2022-07-17,สะพานสูง,8,12.853041017501535
2022-07-17,สาทร,15,16.095917110332177
2022-07-17,สายไหม,11,12.002941953285541
2022-07-18,คันนายาว,7,13.222590635290493
2022-07-18,ดอนเมือง,8,9.575088883529613
2022-07-18,ดินแดง,15,16.542489324453307
2022-07-18,ทุ่งครุ,14,9.48778407923513
2022-07-18,บางกอกน้อย,30,13.380614060541195
2022-07-18,บางคอแหลม,7,6.63305910956735
2022-07-18,บางซื่อ,19,27.171970854531605
2022-07-18,บางเขน,24,24.778622237174623
2022-07-18,ลาดพร้าว,21,25.541191538267814
2022-07-18,สะพานสูง,8,8.091567179164553
2022-07-18,หนองแขม,14,7.595533520437115
2022-07-19,คลองสาน,14,10.931502692872925
2022-07-19,คันนายาว,10,6.934208451010305
2022-07-19,จอมทอง,15,13.125039615784823
2022-07-19,ธนบุรี,21,10.65295029763639
2022-07-19,บางคอแหลม,7,7.465767215923094
2022-07-19,มีนบุรี,20,12.948962375902369
2022-07-19,ลาดพร้าว,23,15.552823093496269
2022-07-19,หลักสี่,13,12.591934941016355
2022-07-20,ดินแดง,44,19.492699276748304
2022-07-20,ดุสิต,10,9.468141696138861
2022-07-20,บางกอกใหญ่,5,6.838440439859371
2022-07-20,บางขุนเทียน,51,25.051117916096096
2022-07-20,ประเวศ,109,25.955923881003265
2022-07-20,ภาษีเจริญ,20,25.016941633218124
2022-07-20,มีนบุรี,66,15.024525759817848
2022-07-20,ราชเทวี,30,21.609811444595774
2022-07-20,ห้วยขวาง,114,19.277367750902386
2022-07-21,จอมทอง,19,15.021320643880737
2022-07-21,ทวีวัฒนา,4,6.3925224014139586
2022-07-21,ทุ่งครุ,17,25.47340813087859
2022-07-21,ประเวศ,217,67.77937316090366
2022-07-21,ราชเทวี,27,26.07722021534845
2022-07-21,วังทองหลาง,79,39.06292149481253
2022-07-21,วัฒนา,87,45.82286891295048
2022-07-21,สะพานสูง,59,34.714947555830356
2022-07-21,ห้วยขวาง,45,60.62435275764183
2022-07-22,คลองเตย,22,33.62458023014203
2022-07-22,ตลิ่งชัน,9,12.041728649019328
2022-07-22,ธนบุรี,13,14.165042515615315
2022-07-22,บางกอกใหญ่,3,6.198092637408629
2022-07-22,บางกะปิ,48,68.24531229498629
2022-07-22,บึงกุ่ม,18,31.788793827994123
2022-07-22,ราชเทวี,21,24.399501484859993
2022-07-22,หนองจอก,15,13.671908943086137
2022-07-23,คลองเตย,32,18.654466672109997
2022-07-23,จอมทอง,8,11.051591810947302
2022-07-23,บางแค,29,31.88966504174898
2022-07-23,ประเวศ,62,60.36660244773871
2022-07-23,ราษฎร์บูรณะ,3,13.542716770590541
2022-07-23,วัฒนา,21,24.04579899830143
2022-07-23,หนองแขม,12,13.986464213124986
2022-07-23,ห้วยขวาง,17,18.711154324116094
2022-07-24,คลองเตย,28,27.538876659960046
2022-07-24,ดินแดง,9,12.722250793837587
2022-07-24,ทุ่งครุ,6,13.851628587608705
2022-07-24,บางกอกน้อย,7,12.254030828272022
2022-07-24,บางกอกใหญ่,5,6.030063556068013
2022-07-24,บางซื่อ,19,30.857482799177166
2022-07-24,บางแค,21,26.49412095625584
2022-07-24,ปทุมวัน,12,20.606554651084323
2022-07-24,พระโขนง,13,10.138120837863381
2022-07-24,ภาษีเจริญ,8,21.41715891259846
2022-07-24,มีนบุรี,16,14.921618577037012
2022-07-24,ราษฎร์บูรณะ,14,6.202523030054154
2022-07-25,ทวีวัฒนา,1,7.104845948986599
2022-07-25,ทุ่งครุ,15,6.961214022887002
2022-07-25,บางกอกใหญ่,2,6.300603193920425
2022-07-25,บางบอน,10,9.966510145875771
2022-07-25,บึงกุ่ม,10,13.911070512269594
2022-07-25,ภาษีเจริญ,16,8.46500529431719
2022-07-25,สะพานสูง,18,11.286593823718166
2022-07-25,สายไหม,18,13.989459006331284
2022-07-25,หนองแขม,11,13.861265082261848
2022-07-25,หลักสี่,10,7.995211171911531
2022-07-26,ดอนเมือง,1,7.47425022444313
2022-07-26,บางกะปิ,33,34.19535382821723
2022-07-26,บางขุนเทียน,12,31.50923582955473
2022-07-26,บางคอแหลม,9,7.575823983735596
2022-07-26,บางนา,15,12.325657213325544
2022-07-26,บางบอน,8,9.48074973131113
2022-07-26,พญาไท,20,13.162923703734483
2022-07-26,ภาษีเจริญ,28,12.89693282954774
2022-07-26,สัมพันธวงศ์,4,5.8552897197987255
2022-07-26,ห้วยขวาง,19,16.105040400952035
2022-07-27,ดินแดง,30,23.905453446844852
2022-07-27,ทวีวัฒนา,9,7.554372812669426
2022-07-27,บางรัก,53,16.706593049970092
2022-07-27,ปทุมวัน,23,22.625108683261224
2022-07-27,ประเวศ,15,21.747739754356203
2022-07-27,พญาไท,23,15.145651500217122
2022-07-27,ราษฎร์บูรณะ,4,9.377880821418021
2022-07-27,ลาดกระบัง,28,23.952761942549984
2022-07-27,หนองแขม,5,13.115855321809496
2022-07-27,ห้วยขวาง,9,16.169736814317694
2022-07-28,คันนายาว,3,9.897773930861538
2022-07-28,ทุ่งครุ,7,12.324735560608564
2022-07-28,บางนา,27,13.019566713638273
2022-07-28,บางบอน,5,10.619458233478856
2022-07-28,พญาไท,12,20.56329169089252
2022-07-28,สาทร,12,11.414072598357794
2022-07-28,หนองแขม,8,6.50257916922646
2022-07-29,คลองสาน,4,9.490044351105242
2022-07-29,ธนบุรี,6,9.793613881137215
2022-07-29,บางกอกใหญ่,1,7.02787125485227
2022-07-29,บางซื่อ,14,13.40296152562749
2022-07-29,บางรัก,8,12.2311614791891
2022-07-29,พระโขนง,11,8.556073864501702
2022-07-29,ยานนาวา,18,8.57034084769879
2022-07-29,ราษฎร์บูรณะ,10,7.123639266003204
2022-07-29,วังทองหลาง,11,28.183274294007624
2022-07-29,วัฒนา,20,21.929083780590013
2022-07-29,สัมพันธวงศ์,4,6.14625580379114
2022-07-30,ตลิ่งชัน,13,7.621718212767298
2022-07-30,ธนบุรี,10,8.500228589104598
2022-07-30,บางกะปิ,24,26.14781155885164
2022-07-30,บางขุนเทียน,21,16.813505536615548
2022-07-30,บางแค,24,20.051873086562548
2022-07-30,ราชเทวี,13,13.853104579731232
2022-07-30,ราษฎร์บูรณะ,4,9.4068178243084
2022-07-30,ลาดพร้าว,16,8.408912482236945
2022-07-30,วัฒนา,28,18.10750932860235
2022-07-30,สายไหม,12,11.753770327780604
2022-07-30,หลักสี่,6,9.316277380545744
2022-07-30,ห้วยขวาง,13,15.253800137711519
2022-07-31,ดอนเมือง,22,6.514741152900994
2022-07-31,ดินแดง,8,17.15447907570215
2022-07-31,บางคอแหลม,12,10.231199135985202
2022-07-31,ป้อมปราบศัตรูพ่าย,6,9.650850552347013
2022-07-31,ยานนาวา,5,12.583657359095325
2022-07-31,ราษฎร์บูรณะ,3,6.190833567451593
2022-07-31,วังทองหลาง,10,22.841181538310515
2022-07-31,วัฒนา,21,22.938512625681547
2022-07-31,สาทร,10,30.463202865639527
2022-07-31,หนองจอก,16,9.652676234691302
2022-07-31,หนองแขม,9,7.614420337650635
2022-08-01,จอมทอง,18,6.918612876146815
2022-08-01,บางกอกน้อย,36,16.442084435514296
2022-08-01,บางขุนเทียน,28,12.50979976031825
2022-08-01,บางซื่อ,17,35.77193570901866
2022-08-01,บางบอน,10,7.048831779330415
2022-08-01,บางรัก,30,14.550564802706031
2022-08-01,บางเขน,184,33.07351768422565
2022-08-01,พญาไท,25,12.194914973816541
2022-08-01,ราชเทวี,19,15.852953094916078
2022-08-01,ลาดพร้าว,31,11.407163621311572
2022-08-01,สวนหลวง,79,16.84426504640357
2022-08-01,หนองแขม,12,8.686059353582804
2022-08-02,คลองสามวา,29,12.5000578310353
2022-08-02,คลองเตย,29,18.193920920527365
2022-08-02,จอมทอง,16,13.187533032914843
2022-08-02,ตลิ่งชัน,14,10.41969080188434
2022-08-02,บางกอกน้อย,18,25.827198784953175
2022-08-02,บางคอแหลม,18,11.930251379283652
2022-08-02,บึงกุ่ม,39,28.462041035627816
2022-08-02,พระนคร,17,9.18228410108879
2022-08-03,จอมทอง,14,12.647248086934713
2022-08-03,ดินแดง,14,15.105938927901823
2022-08-03,บึงกุ่ม,24,24.058203086288376
2022-08-03,ปทุมวัน,31,17.617136184144055
2022-08-03,ประเวศ,31,68.76407168122826
2022-08-03,ลาดกระบัง,32,41.356692222884774
2022-08-03,สัมพันธวงศ์,1,5.809504458320361
2022-08-03,หนองจอก,19,12.294549010566934
2022-08-04,จอมทอง,16,11.94927731954039
2022-08-04,ดินแดง,15,14.165056038396468
2022-08-04,ทุ่งครุ,5,10.93822892410838
2022-08-04,บางกอกใหญ่,7,8.349912640316994
2022-08-04,บางกะปิ,23,36.46553810197777
2022-08-04,บางนา,6,11.949393424978826
2022-08-04,ป้อมปราบศัตรูพ่าย,8,12.132690724436515
2022-08-04,ลาดกระบัง,36,26.36654296175117
2022-08-04,หลักสี่,7,7.480524104200812
2022-08-04,ห้วยขวาง,28,14.73613808319325
2022-08-05,ดินแดง,26,14.16926932642419
2022-08-05,ทุ่งครุ,21,6.574129625504684
2022-08-05,บางขุนเทียน,23,17.19650780957269
2022-08-05,บางซื่อ,13,12.98482991163234
2022-08-05,บางรัก,45,14.813190826715049
2022-08-05,บางแค,33,19.58766563885286
2022-08-05,ปทุมวัน,31,17.463236419788384
2022-08-05,สวนหลวง,32,15.935836490580375
2022-08-05,หนองจอก,11,12.37794669148715
2022-08-06,ดอนเมือง,6,9.647597716728786
2022-08-06,ตลิ่งชัน,12,7.832314232759899
2022-08-06,ธนบุรี,8,12.19539978922082
2022-08-06,บางบอน,12,6.393993049012529
2022-08-06,บางเขน,24,24.015765431336607
2022-08-06,พระนคร,17,11.449304276745497
2022-08-06,มีนบุรี,14,11.101920067440853
2022-08-06,ลาดพร้าว,14,8.126610060010178
2022-08-06,วัฒนา,34,29.25163045179527
2022-08-06,หนองแขม,5,6.403819068923873
2022-08-06,ห้วยขวาง,11,23.205305801546288
2022-08-07,ทวีวัฒนา,3,8.655143644759356
2022-08-07,ธนบุรี,16,9.065747006197615
2022-08-07,บางกอกน้อย,15,14.79464933924086
2022-08-07,บางนา,7,10.330003983456196
2022-08-07,ป้อมปราบศัตรูพ่าย,5,12.679788913291045
2022-08-07,ราษฎร์บูรณะ,3,6.479910927000911
2022-08-07,ลาดพร้าว,16,12.042166212644766
2022-08-07,หนองแขม,3,6.654619284046059
2022-08-08,คลองสาน,18,6.986245600884423
2022-08-08,จตุจักร,49,35.80953784530018
2022-08-08,บางนา,9,8.504822830622814
2022-08-08,บางเขน,29,13.19214454095545
2022-08-08,พญาไท,17,12.333853310243596
2022-08-08,พระนคร,26,10.318494063927727
2022-08-08,ราษฎร์บูรณะ,6,6.212110995490329
2022-08-09,คลองสามวา,10,12.656242394152374
2022-08-09,จตุจักร,50,43.26197597082888
2022-08-09,ดอนเมือง,13,12.187988956858186
2022-08-09,ธนบุรี,8,11.464329929277413
2022-08-09,บางกอกน้อย,16,10.936299958961516
2022-08-09,บางขุนเทียน,45,16.573745126617794
2022-08-09,บางเขน,25,24.17980761042417
2022-08-09,ประเวศ,25,24.968202160336414
2022-08-09,ราชเทวี,20,16.547308822959792
2022-08-09,ราษฎร์บูรณะ,4,6.976082138852941
2022-08-09,ลาดกระบัง,20,30.296200839584817
2022-08-09,สวนหลวง,34,23.057748375204216
2022-08-09,สะพานสูง,24,8.345656758833911
2022-08-10,ดุสิต,10,8.593667330009064
2022-08-10,ทวีวัฒนา,6,6.26252826362264
2022-08-10,ทุ่งครุ,9,11.665837792057552
2022-08-10,ธนบุรี,16,8.944939553427321
2022-08-10,บางซื่อ,20,12.246402980179804
2022-08-10,บางเขน,24,23.892878553848895
2022-08-10,พญาไท,15,12.95956577230515
2022-08-10,ลาดกระบัง,31,17.625626876596023
2022-08-10,ห้วยขวาง,17,15.680376667502046
2022-08-11,คลองสาน,5,6.165091476404556
2022-08-11,คันนายาว,8,6.165091476404556
2022-08-11,บางซื่อ,26,14.495258326068093
2022-08-11,ปทุมวัน,28,21.80912560747364
2022-08-11,สวนหลวง,31,33.36568608415437
2022-08-11,สัมพันธวงศ์,5,5.949604446405191
2022-08-11,หนองจอก,10,12.988017908285974
2022-08-12,จตุจักร,18,33.5730807561859
2022-08-12,ดอนเมือง,5,7.446670739497579
2022-08-12,ตลิ่งชัน,6,9.926275223018463
2022-08-12,บางกะปิ,22,32.32680605815689
2022-08-12,บางแค,56,19.7106304292485
2022-08-12,ป้อมปราบศัตรูพ่าย,3,12.16015911457077
2022-08-12,พญาไท,7,12.58071541577846
2022-08-12,ลาดพร้าว,12,9.93785231225056
2022-08-12,สวนหลวง,20,24.357714248365447
2022-08-12,สะพานสูง,8,13.142030414852917
2022-08-12,สาทร,8,11.389167339683702
2022-08-13,ทุ่งครุ,3,12.162302573594495
2022-08-13,บางนา,7,11.452133406872942
2022-08-13,บางพลัด,12,8.531158456826645
2022-08-13,บางรัก,13,9.787846499038753
2022-08-13,ปทุมวัน,19,17.529010876666895
2022-08-13,พระโขนง,5,7.382951431854626
2022-08-13,สัมพันธวงศ์,3,5.895704374768137
2022-08-13,สาทร,8,8.45130532836016
2022-08-13,สายไหม,5,8.154219919776843
2022-08-14,ทวีวัฒนา,6,5.959785488379018
2022-08-14,ทุ่งครุ,7,5.884641753067816
2022-08-14,บางกอกน้อย,8,12.720782118398796
2022-08-14,บางขุนเทียน,20,16.19022838746138
2022-08-14,บางเขน,7,12.368321217595282
2022-08-14,ปทุมวัน,16,17.51990661131857
2022-08-14,ยานนาวา,7,9.680093207502729
2022-08-14,ลาดกระบัง,21,14.426952621965683
2022-08-14,สาทร,16,8.747393192192018
2022-08-14,ห้วยขวาง,11,12.052705232243364
2022-08-15,คลองสาน,12,5.883682117253995
2022-08-15,คลองเตย,32,22.30735508889839
2022-08-15,จตุจักร,42,26.320068036645445
2022-08-15,ดุสิต,12,6.103536050497906
2022-08-15,ตลิ่งชัน,7,9.5653587842518
2022-08-15,บางกอกน้อย,19,8.88031744578595
2022-08-15,บางซื่อ,14,14.101662113248647
2022-08-15,บางพลัด,16,9.727280871264865
2022-08-15,วัฒนา,32,15.14618871514738
2022-08-15,สะพานสูง,27,7.12360967917377
2022-08-15,ห้วยขวาง,13,12.438898367056144
2022-08-16,ดอนเมือง,14,7.901693415125196
2022-08-16,ดินแดง,22,15.069110719098168
2022-08-16,ดุสิต,11,10.161515915381663
2022-08-16,ตลิ่งชัน,5,8.243920512803216
2022-08-16,ทวีวัฒนา,7,6.847075882738996
2022-08-16,บางขุนเทียน,28,18.24072596678635
2022-08-16,บึงกุ่ม,7,8.139991719824916
2022-08-16,ลาดกระบัง,36,22.220528156561763
2022-08-16,วังทองหลาง,13,10.037950582693542
2022-08-16,สวนหลวง,50,40.81250211914772
2022-08-16,สายไหม,17,12.220455411975438
2022-08-16,หลักสี่,16,7.893685156789647
2022-08-17,คลองสาน,2,6.138601138823756
2022-08-17,คันนายาว,3,6.138601138823756
2022-08-17,จตุจักร,41,38.0613892701165
2022-08-17,ดินแดง,14,15.803381816685206
2022-08-17,ดุสิต,7,9.612568828837055
2022-08-17,บางกะปิ,32,31.40682044195206
2022-08-17,บางซื่อ,14,14.768431940853052
2022-08-17,บางบอน,8,6.138601138823756
2022-08-17,บางแค,23,19.543801179019134
2022-08-17,ลาดพร้าว,9,12.159088165373632
2022-08-17,สะพานสูง,24,13.992748577799025
2022-08-17,หนองแขม,4,9.06136918603377
2022-08-17,หลักสี่,15,12.835631117743684
2022-08-18,คลองสามวา,18,24.87885573170054
2022-08-18,จอมทอง,7,7.838591656156386
2022-08-18,ดินแดง,27,14.41276529121456
2022-08-18,บางกอกใหญ่,2,6.5864492901446585
2022-08-18,บางคอแหลม,8,11.869462770422667
2022-08-18,บางแค,13,21.188239558124106
2022-08-18,ป้อมปราบศัตรูพ่าย,8,8.08872952981521
2022-08-18,พญาไท,13,13.961789274397109
2022-08-18,พระโขนง,7,7.1801133662953545
2022-08-18,ยานนาวา,17,11.756136745443627
2022-08-18,หนองจอก,12,21.500836534335694
2022-08-18,ห้วยขวาง,18,23.71801297879066
2022-08-19,คลองสาน,12,6.805325914947365
2022-08-19,คลองเตย,33,19.182323645866198
2022-08-19,จตุจักร,36,33.489704461919956
2022-08-19,ทวีวัฒนา,1,6.080162447650443
2022-08-19,บางขุนเทียน,11,12.989051621117303
2022-08-19,บางรัก,20,10.980971141736536
2022-08-19,ป้อมปราบศัตรูพ่าย,6,8.546229284781507
2022-08-19,พระนคร,15,10.68267102846172
2022-08-19,ยานนาวา,14,12.358283021439286
2022-08-19,ราชเทวี,28,15.686929257383094
2022-08-19,หนองจอก,21,11.257707404099857
2022-08-19,หนองแขม,18,9.515523318680556
2022-08-19,ห้วยขวาง,17,14.822448798541705
2022-08-20,คลองเตย,18,26.34577553937961
2022-08-20,ทวีวัฒนา,5,5.871912376436118
2022-08-20,บางกะปิ,15,16.48446730907852
2022-08-20,บางขุนเทียน,16,13.651229815830707
2022-08-20,บางนา,8,11.092402879943085
2022-08-20,ป้อมปราบศัตรูพ่าย,3,8.100670457235791
2022-08-20,ยานนาวา,10,11.858411783140717
2022-08-20,วัฒนา,12,21.793507816069308
2022-08-20,สาทร,9,11.029436812753845
2022-08-20,สายไหม,10,12.40102775921261
2022-08-20,หลักสี่,9,7.73797880346685
2022-08-20,ห้วยขวาง,21,14.298943068164007
2022-08-21,จตุจักร,30,26.993130700465297
2022-08-21,ดุสิต,9,6.049087967729391
2022-08-21,ตลิ่งชัน,7,7.705024228412803
2022-08-21,ทวีวัฒนา,5,6.257690012919679
2022-08-21,บางคอแหลม,6,7.404127682618729
2022-08-21,บางซื่อ,3,11.41927948558715
2022-08-21,บางบอน,4,8.527168329909198
2022-08-21,บางเขน,26,24.204391926710045
2022-08-21,พระนคร,8,11.386280499362769
2022-08-21,ภาษีเจริญ,7,12.191119362313469
2022-08-21,ยานนาวา,7,10.152685005944472
2022-08-21,สายไหม,18,10.152685005944472
2022-08-21,หลักสี่,8,9.44662818337886
2022-08-21,ห้วยขวาง,15,16.515710438156518
2022-08-22,จตุจักร,31,27.700643114379062
2022-08-22,ดุสิต,8,8.381370233405303
2022-08-22,ทวีวัฒนา,7,6.244809102978856
2022-08-22,ป้อมปราบศัตรูพ่าย,4,9.616076414428033
2022-08-22,ยานนาวา,7,8.198925314372584
2022-08-22,ลาดพร้าว,9,9.515083878118682
2022-08-22,สาทร,17,9.603620116672662
2022-08-23,คลองสามวา,18,12.261439901288254
2022-08-23,ดอนเมือง,7,8.938738980916721
2022-08-23,ตลิ่งชัน,10,7.743115702081219
2022-08-23,ทวีวัฒนา,5,6.971616627298923
2022-08-23,บางคอแหลม,13,7.915483524752614
2022-08-23,บางซื่อ,16,12.966163979412986
2022-08-23,พระโขนง,5,11.840593031742198
2022-08-23,สาทร,18,12.765206392298975
2022-08-24,คลองสาน,8,6.263141883383683
2022-08-24,จตุจักร,27,26.65079477288657
2022-08-24,ธนบุรี,9,12.047004871944335
2022-08-24,บางขุนเทียน,21,18.9591082061449
2022-08-24,บางซื่อ,35,13.908917337315179
2022-08-24,บางนา,10,13.304431491270046
2022-08-24,ราชเทวี,13,16.195218467116437
2022-08-24,สัมพันธวงศ์,8,5.761671602970658
2022-08-24,ห้วยขวาง,17,12.12244294070381
2022-08-25,คันนายาว,4,5.993738885066497
2022-08-25,จอมทอง,8,10.076111184701064
2022-08-25,ตลิ่งชัน,11,9.96218001975531
2022-08-25,ทวีวัฒนา,5,6.8528547992718885
2022-08-25,บางกอกใหญ่,1,5.897970873915563
2022-08-25,บางกะปิ,16,17.331751712216352
2022-08-25,บางขุนเทียน,11,17.250616420530605
2022-08-25,บางนา,13,10.035687581619015
2022-08-25,บางบอน,4,7.3904454190434095
2022-08-25,มีนบุรี,16,9.489588221313568
2022-08-25,ยานนาวา,4,11.749102397519627
2022-08-25,ราษฎร์บูรณะ,3,6.294285140627564
2022-08-25,สะพานสูง,10,12.74187146337405
2022-08-25,สายไหม,3,12.099525103934178
2022-08-26,จตุจักร,21,32.61849383053125
2022-08-26,ธนบุรี,8,12.974994919138023
2022-08-26,บางกอกน้อย,10,11.214787230123678
2022-08-26,บางขุนเทียน,19,13.633482952380172
2022-08-26,บางบอน,11,6.144591981471638
2022-08-26,บางพลัด,12,10.285167228624752
2022-08-26,บางแค,87,32.35420708567603
2022-08-26,สาทร,10,11.382132991759702
2022-08-26,หนองแขม,16,6.134811496880608
2022-08-26,หลักสี่,50,9.123477805523128
2022-08-26,ห้วยขวาง,19,12.67700431229851
2022-08-27,ตลิ่งชัน,22,21.641225196942393
2022-08-27,บางกะปิ,21,16.816688425047854
2022-08-27,บางซื่อ,17,12.443750089079572
2022-08-27,บางนา,21,13.355700386775116
2022-08-27,บางพลัด,7,10.816678912629513
2022-08-27,บางแค,25,37.79419134931107
2022-08-27,บึงกุ่ม,6,7.809105323385248
2022-08-27,ราษฎร์บูรณะ,7,6.266875406571311
2022-08-27,สวนหลวง,16,22.52698858328157
2022-08-27,สะพานสูง,8,7.701257744294395
2022-08-27,หนองแขม,22,11.801622636306957
2022-08-28,คันนายาว,7,6.076291538065262
2022-08-28,จอมทอง,10,7.939360490119337
2022-08-28,ทุ่งครุ,12,6.6411343558809035
2022-08-28,บางรัก,3,10.3718976575
2022-08-28,บางเขน,18,16.946910769996776
2022-08-28,ปทุมวัน,11,17.32076164245241
2022-08-28,ประเวศ,18,17.402772719540817
2022-08-28,พระโขนง,11,9.39909432235253
2022-08-28,ราชเทวี,9,12.636576941076264
2022-08-28,ลาดพร้าว,23,9.916862339385306
2022-08-28,สาทร,14,12.275057508199923
2022-08-29,ดุสิต,9,6.413104121297832
2022-08-29,ตลิ่งชัน,12,8.353977280615718
2022-08-29,ทุ่งครุ,6,10.73886262473902
2022-08-29,บางพลัด,9,8.642192000030644
2022-08-29,ประเวศ,20,18.310582475283226
2022-08-29,พระนคร,8,13.825544335167105
2022-08-29,พระโขนง,5,10.357974033154308
2022-08-29,ลาดกระบัง,11,16.98383178183152
2022-08-29,ห้วยขวาง,10,12.447325364106911
2022-08-30,จตุจักร,42,26.65079477288657
2022-08-30,จอมทอง,8,7.857942369925034
2022-08-30,บางกอกใหญ่,5,5.897970873915563
2022-08-30,บางกะปิ,26,17.249179707439882
2022-08-30,บางซื่อ,12,13.973672267277152
2022-08-30,บึงกุ่ม,9,9.607952440755314
2022-08-30,ราชเทวี,17,13.979243815685084
2022-08-30,ลาดพร้าว,13,11.848797025991832
2022-08-30,หนองแขม,10,12.408253964927471
2022-08-31,ดอนเมือง,23,10.04802510284792
2022-08-31,บางกอกน้อย,7,13.914050625347553
2022-08-31,บางบอน,7,6.049146603648834
2022-08-31,บางพลัด,13,11.98362413885583
2022-08-31,บางเขน,74,16.974783505769135
2022-08-31,วัฒนา,18,16.81787430241958
2022-08-31,สัมพันธวงศ์,1,5.643274433705758
2022-08-31,หนองแขม,12,9.054334838109773
2022-08-31,หลักสี่,11,9.298483163097893
2022-09-01,จตุจักร,60,20.94255258647782
2022-09-01,ดินแดง,13,20.679767040835618
2022-09-01,ทวีวัฒนา,13,9.838734739739785
2022-09-01,บางพลัด,7,11.384061666806794
2022-09-01,บางแค,19,21.038785967796333
2022-09-01,พระโขนง,16,8.607962039131744
2022-09-01,ยานนาวา,8,12.357283768895838
2022-09-01,สาทร,13,12.688149078363079
2022-09-01,หลักสี่,11,10.171724508115089
2022-09-02,จตุจักร,35,45.48491207658867
2022-09-02,ทวีวัฒนา,5,10.135351961119591
2022-09-02,บางกะปิ,21,17.489112961945676
2022-09-02,บางคอแหลม,8,8.119033853939168
2022-09-02,บางนา,14,8.434201122369503
2022-09-02,บางพลัด,9,8.482361320126701
2022-09-02,บางรัก,15,11.273125446385533
2022-09-02,บางเขน,19,31.929617920919405
2022-09-02,ประเวศ,13,16.131590940985898
2022-09-02,พระโขนง,10,11.881110522925443
2022-09-02,สาทร,6,11.401859664341393
2022-09-02,หลักสี่,6,10.079240336113163
2022-09-03,คลองสาน,5,11.696451397935187
2022-09-03,คันนายาว,11,6.17564156886771
2022-09-03,จตุจักร,37,32.82521498938663
2022-09-03,ดอนเมือง,10,7.608303944300387
2022-09-03,ตลิ่งชัน,16,7.639422466294613
2022-09-03,ทุ่งครุ,12,6.859500529373108
2022-09-03,บางกอกใหญ่,5,6.698019509968036
2022-09-03,บางซื่อ,7,10.572823338204238
2022-09-03,บางเขน,14,16.390916870121277
2022-09-03,ปทุมวัน,27,16.385783223288524
2022-09-03,ราษฎร์บูรณะ,8,8.625569277479233
2022-09-03,วัฒนา,21,17.875239029614136
2022-09-03,หนองจอก,15,11.757937352366694
2022-09-04,คลองเตย,16,13.56044142597354
2022-09-04,จอมทอง,7,11.931621288371364
2022-09-04,ดินแดง,7,15.22727777043156
2022-09-04,บางคอแหลม,12,6.869666082698342
2022-09-04,บางบอน,8,6.898045352977813
2022-09-04,บางเขน,70,15.057388263772754
2022-09-04,บึงกุ่ม,12,12.318476860405326
2022-09-04,ประเวศ,42,25.781920936350975
2022-09-04,ภาษีเจริญ,7,9.952556457558021
2022-09-04,ยานนาวา,9,10.643493084608554
2022-09-04,ราษฎร์บูรณะ,16,7.631846528121537
2022-09-04,ลาดกระบัง,12,15.44727561736654
2022-09-04,สัมพันธวงศ์,4,5.645594381367081
2022-09-04,สาทร,10,8.38574150639548
2022-09-05,ตลิ่งชัน,16,7.818193647721179
2022-09-05,บางซื่อ,8,10.277102362962708
2022-09-05,บางรัก,13,11.672954968930453
2022-09-05,บึงกุ่ม,13,11.062025495124464
2022-09-05,ปทุมวัน,17,17.528576500550123
2022-09-05,พญาไท,17,14.062615273258231
2022-09-05,ยานนาวา,15,9.787846931484406
2022-09-05,ราชเทวี,18,12.679138815287823
2022-09-05,ลาดพร้าว,7,8.180267533565281
2022-09-05,วังทองหลาง,10,7.818998639643131
2022-09-05,สาทร,14,10.048727822659398
2022-09-05,หนองแขม,16,10.95203617273423
2022-09-06,คลองเตย,25,17.257648415685452
2022-09-06,ทวีวัฒนา,6,6.945286714979838
2022-09-06,บางแค,28,25.13920394174414
2022-09-06,พระโขนง,8,8.600744252392156
2022-09-06,ลาดกระบัง,26,21.432646511723068
2022-09-06,สัมพันธวงศ์,2,5.7725463640240084
2022-09-07,ดุสิต,18,9.479436250702474
2022-09-07,ตลิ่งชัน,8,11.07603270641859
2022-09-07,บางขุนเทียน,19,21.110177393226998
2022-09-07,บางนา,27,12.349408676998108
2022-09-07,บางแค,18,25.29840073513551
2022-09-07,ประเวศ,38,18.702751685371076
2022-09-07,พระนคร,7,10.704279770498518
2022-09-07,พระประแดง,1,6.023225771683315
2022-09-07,ภาษีเจริญ,11,11.69909356673402
2022-09-07,ลาดพร้าว,8,14.1494655685407
2022-09-07,วัฒนา,22,18.217251286367645
2022-09-07,ห้วยขวาง,20,31.17939175456159
2022-09-08,คลองสาน,5,11.276110008235875
2022-09-08,ยานนาวา,7,7.5545695913397655
2022-09-08,ราษฎร์บูรณะ,10,6.084456208269743
2022-09-08,ลาดกระบัง,56,33.81003365578416
2022-09-09,จตุจักร,28,42.25915979403398
2022-09-09,จอมทอง,7,7.903075695541736
2022-09-09,ดอนเมือง,39,36.28416277391397
2022-09-09,บางกอกใหญ่,3,6.7976052740057895
2022-09-09,วัฒนา,22,21.885771585192572
2022-09-09,สวนหลวง,9,33.64845650358042
2022-09-09,สะพานสูง,27,12.678202929857978
2022-09-10,คลองสาน,2,6.825906133384504
2022-09-10,คันนายาว,27,7.400826246408873
2022-09-10,ดอนเมือง,24,29.252164288813145
2022-09-10,ดินแดง,13,12.504845115085525
2022-09-10,ทวีวัฒนา,4,6.825906133384504
2022-09-10,บางกอกใหญ่,4,6.0104779476482095
2022-09-10,บางขุนเทียน,11,16.0634255895243
2022-09-10,บึงกุ่ม,21,9.990243960488858
2022-09-10,พระนคร,2,8.552752133051452
2022-09-10,วัฒนา,33,18.022618125085938
2022-09-10,สะพานสูง,36,20.650092436411363
2022-09-10,สัมพันธวงศ์,1,5.859694699955879
2022-09-10,สาทร,6,8.381314865885876
2022-09-10,ห้วยขวาง,15,14.041549544449092
2022-09-11,ดอนเมือง,21,19.656121806059655
2022-09-11,บางแค,34,37.38115054319762
2022-09-11,ป้อมปราบศัตรูพ่าย,3,7.195295970763143
2022-09-11,ยานนาวา,14,7.097069714045496
2022-09-11,สะพานสูง,83,23.834816132717844
2022-09-11,สัมพันธวงศ์,2,5.371613922853078
2022-09-11,สาทร,13,8.063808960057113
2022-09-11,สายไหม,35,26.25128382417149
2022-09-12,จตุจักร,47,19.879598901648695
2022-09-12,ธนบุรี,6,7.338662055403357
2022-09-12,บางซื่อ,19,11.978818311537859
2022-09-12,บางบอน,4,5.689094780466908
2022-09-12,ปทุมวัน,22,16.908129097619412
2022-09-12,พระโขนง,9,7.477263054926873
2022-09-12,มีนบุรี,16,24.264919432107128
2022-09-12,ยานนาวา,7,12.07336771249561
2022-09-12,ราษฎร์บูรณะ,9,5.770590335180818
2022-09-12,ลาดกระบัง,67,48.63061122458224
2022-09-12,ลาดพร้าว,15,14.04060652221872
2022-09-12,วัฒนา,22,18.128365171819482
2022-09-12,สัมพันธวงศ์,3,5.509476071190146
2022-09-12,หลักสี่,15,14.360926461811456
2022-09-13,คันนายาว,5,5.75602733003341
2022-09-13,บางซื่อ,9,14.535841028637472
2022-09-13,บางเขน,43,43.225998956741414
2022-09-13,บางแค,15,21.164135166236754
2022-09-13,สวนหลวง,44,34.55270881173452
2022-09-14,คลองเตย,23,18.399640302997145
2022-09-14,จตุจักร,31,27.667465994564225
2022-09-14,ธนบุรี,7,11.650860643887457
2022-09-14,บางเขน,24,35.551440338889314
2022-09-14,บางแค,20,18.261850158761053
2022-09-14,พระโขนง,18,11.74770559514312
2022-09-14,ราชเทวี,9,12.82059310993623
2022-09-14,สะพานสูง,14,7.978915932690524
2022-09-14,หลักสี่,4,10.920093401469664
2022-09-15,คลองสามวา,7,12.270800643531151
2022-09-15,จอมทอง,2,8.826492280077243
2022-09-15,ดุสิต,5,8.78260817108855
2022-09-15,บางคอแหลม,10,6.596314814465103
2022-09-15,บางพลัด,4,10.791006822437117
2022-09-15,บางรัก,10,14.16063390879712
2022-09-15,พระนคร,6,7.741254323613672
2022-09-15,ภาษีเจริญ,5,8.012118156988546
2022-09-15,มีนบุรี,11,12.621615425982899
2022-09-15,ลาดพร้าว,5,13.022091281099327
2022-09-15,หนองจอก,13,13.007591422366692
2022-09-15,หนองแขม,5,6.7243096113268095
2022-09-16,บางเขน,23,16.529329453964557
2022-09-16,ประเวศ,20,29.300869310000394
2022-09-16,ราษฎร์บูรณะ,10,5.952507660429857
2022-09-17,คลองเตย,7,17.975496915268387
2022-09-17,จอมทอง,4,6.600766383406257
2022-09-17,ดินแดง,16,12.091300088329328
2022-09-17,ตลิ่งชัน,6,7.5648712484805625
2022-09-17,บางกะปิ,21,13.650584493751449
2022-09-17,บางบอน,4,5.833607776585599
2022-09-17,บางรัก,5,14.604257618419492
2022-09-17,ประเวศ,18,18.355414356000356
2022-09-17,มีนบุรี,8,9.778987779418927
2022-09-17,ลาดกระบัง,12,18.444194819619057
2022-09-17,ลาดพร้าว,5,7.291945823987859
2022-09-17,หลักสี่,10,7.0296386766516195
2022-09-18,คลองสามวา,10,9.693345836408737
2022-09-18,บางคอแหลม,4,7.372385113094106
2022-09-18,บางเขน,23,16.61653424979992
2022-09-18,ปทุมวัน,28,14.57819765875555
2022-09-18,วังทองหลาง,3,9.655084503987874
2022-09-18,สัมพันธวงศ์,2,5.449036777789752
2022-09-18,หนองแขม,10,6.7458344837274735
2022-09-19,ดอนเมือง,5,6.379189321710734
2022-09-19,บางขุนเทียน,21,14.35379312722012
2022-09-19,บางนา,20,12.154010282850043
2022-09-19,พญาไท,7,7.413425986129179
2022-09-19,พระโขนง,10,9.45074778288699
2022-09-19,ราชเทวี,16,11.980470023329364
2022-09-19,ลาดพร้าว,4,8.018424991508335
2022-09-19,วัฒนา,17,14.026941008400645
2022-09-19,หนองแขม,6,8.851344386102783
2022-09-20,คลองสามวา,10,7.573299909728429
2022-09-20,จตุจักร,23,26.326390683216594
2022-09-20,ดุสิต,5,6.175392566264743
2022-09-20,บางขุนเทียน,13,17.378719139976575
2022-09-20,บางพลัด,11,8.10549794883158
2022-09-20,มีนบุรี,21,9.890663139094006
2022-09-20,ลาดกระบัง,26,17.708406876654387
2022-09-20,ลาดพร้าว,6,7.109041918846498
2022-09-20,สาทร,7,8.520889693469204
2022-09-20,หลักสี่,5,6.933077157291043
2022-09-20,ห้วยขวาง,13,12.907725131650249
2022-09-21,คลองเตย,12,15.007318212948977
2022-09-21,คันนายาว,12,6.601904340571016
2022-09-21,ดอนเมือง,6,6.501529589859571
2022-09-21,ดินแดง,11,12.956846699253095
2022-09-21,ธนบุรี,8,11.048243813380036
2022-09-21,บางกอกน้อย,4,8.461404754982713
2022-09-21,ประเวศ,15,18.723108962829194
2022-09-21,ยานนาวา,6,8.033344812332352
2022-09-21,ลาดพร้าว,16,7.87200436610876
2022-09-21,สัมพันธวงศ์,3,5.509476071190146
2022-09-21,สายไหม,7,7.997925145659832
2022-09-22,คลองสาน,3,8.21109440232269
2022-09-22,คันนายาว,5,9.794151198782991
2022-09-22,ตลิ่งชัน,2,7.573299909728429
2022-09-22,ทวีวัฒนา,5,5.917643012770847
2022-09-22,บางคอแหลม,3,6.405929674521393
2022-09-22,บางนา,14,13.71956677066322
2022-09-22,บางรัก,8,14.765490272357667
2022-09-22,พระนคร,11,8.655011220928262
2022-09-22,ยานนาวา,7,8.012118156988546
2022-09-22,ลาดพร้าว,1,12.496108227212344
2022-09-22,สะพานสูง,12,9.304815491480626
2022-09-22,หนองแขม,4,9.794151198782991
2022-09-23,ดอนเมือง,2,7.330428582123716
2022-09-23,บางกอกน้อย,2,9.930880504762609
2022-09-23,บางคอแหลม,3,6.739447307471613
2022-09-23,ปทุมวัน,13,15.071923639031377
2022-09-23,ยานนาวา,3,8.261479892374787
2022-09-23,ลาดกระบัง,20,16.650150299321552
2022-09-23,วัฒนา,18,21.544770805199605
2022-09-23,สวนหลวง,8,15.845458348358582
2022-09-23,สะพานสูง,6,10.48105089283618
2022-09-24,คลองสาน,5,6.0518852721772385
2022-09-24,จอมทอง,5,9.140327246735522
2022-09-24,ดอนเมือง,5,6.595732922751568
2022-09-24,ธนบุรี,6,8.336279215507052
2022-09-24,บางกะปิ,6,17.066068473750555
2022-09-24,บางคอแหลม,3,6.721582376200999
2022-09-24,บางพลัด,5,8.448772142332382
2022-09-24,ภาษีเจริญ,10,7.634860499209024
2022-09-24,หนองแขม,4,6.002991383789565
2022-09-25,จอมทอง,8,6.8482787499359645
2022-09-25,ดอนเมือง,4,6.75520378778675
2022-09-25,ทุ่งครุ,4,6.656067235510773
2022-09-25,บางรัก,13,13.600975708798586
2022-09-25,บางเขน,12,15.003560611733473
2022-09-25,ลาดกระบัง,20,18.99931986422467
2022-09-25,หลักสี่,4,7.311957110300929
2022-09-26,คันนายาว,1,5.778827779072407
2022-09-26,ดุสิต,6,6.0297459411602174
2022-09-26,บางซื่อ,7,9.854001156662877
2022-09-26,บางนา,12,12.09078384499644
2022-09-26,บางรัก,8,14.10630061916495
2022-09-26,ป้อมปราบศัตรูพ่าย,10,9.53369009993377
2022-09-26,ยานนาวา,3,8.08720949021525
2022-09-26,สวนหลวง,15,15.617677348979843
2022-09-26,สายไหม,8,8.362764413765024
2022-09-27,ดินแดง,6,12.391733950347191
2022-09-27,บางกะปิ,16,14.756355251535009
2022-09-27,ปทุมวัน,18,16.591135770107254
2022-09-27,ประเวศ,16,25.379995529491033
2022-09-27,พญาไท,12,8.261809321331112
2022-09-27,วังทองหลาง,6,7.199005495282807
2022-09-27,วัฒนา,12,17.282494462013315
2022-09-27,สวนหลวง,17,15.825928561162254
2022-09-28,บางกอกใหญ่,5,5.683059767921473
2022-09-28,บางซื่อ,12,9.293076380589396
2022-09-28,บางบอน,2,5.865299726498643
2022-09-28,บึงกุ่ม,4,13.849156503253662
2022-09-28,ภาษีเจริญ,10,8.378541697341278
2022-09-29,ดินแดง,6,15.080091376647852
2022-09-29,ทุ่งครุ,3,5.809892007916306
2022-09-29,ธนบุรี,12,9.651373865201135
2022-09-29,บางกะปิ,10,17.060036805157736
2022-09-29,บางซื่อ,3,11.81643768452756
2022-09-29,บางนา,17,7.402490195881159
2022-09-29,บางเขน,23,16.54799604107206
2022-09-29,ประเวศ,22,14.638681405897142
2022-09-29,พระนคร,5,7.488562585794789
2022-09-29,พระโขนง,9,7.22457131710799
2022-09-29,สายไหม,14,7.496435033276559
2022-09-30,ดินแดง,10,11.589263405265159
2022-09-30,ตลิ่งชัน,4,9.715761341565322
2022-09-30,ธนบุรี,6,10.78548580113486
2022-09-30,บางกอกน้อย,9,8.528635232878148
2022-09-30,บึงกุ่ม,5,7.16455464232272
2022-09-30,ป้อมปราบศัตรูพ่าย,7,8.15802678641379
2022-09-30,พระโขนง,5,9.192873604362356
2022-09-30,ราชเทวี,11,14.766499353279595
2022-09-30,วัฒนา,25,16.81365576837231
2022-09-30,หนองแขม,3,7.27277113076139
2022-09-30,หลักสี่,6,7.712955393217129
2022-09-30,เมืองสมุทรปราการ,1,5.554872934378372
2022-10-01,คลองสาน,1,6.7030217664156755
2022-10-01,จอมทอง,7,10.457400498979043
2022-10-01,พระโขนง,5,7.457879807110149
2022-10-01,ภาษีเจริญ,4,7.394398234605087
2022-10-01,สวนหลวง,11,12.389786322722824
2022-10-01,สายไหม,7,8.436118871631276
2022-10-01,หนองจอก,9,9.723215190621927
2022-10-02,คลองสาน,6,5.754825419111062
2022-10-02,จตุจักร,18,14.631328636283484
2022-10-02,ดินแดง,10,10.765820674459473
2022-10-02,ทุ่งครุ,9,7.5745241512242885
2022-10-02,บางกะปิ,22,12.76011460234507
2022-10-02,บางพลัด,8,7.662064832472893
2022-10-02,บางเขน,19,14.44588847135528
2022-10-02,ป้อมปราบศัตรูพ่าย,6,7.189887032729018
2022-10-02,ลาดกระบัง,10,16.410361419159052
2022-10-02,สวนหลวง,15,12.489476976804443
2022-10-03,คลองเตย,12,16.35915561341035
2022-10-03,จอมทอง,11,6.700122228026167
2022-10-03,บางบอน,3,5.766448476181203
2022-10-03,บางพลัด,10,8.643761578672738
2022-10-03,ปทุมวัน,10,16.316787537745757
2022-10-03,พญาไท,11,7.563887535160106
2022-10-03,ภาษีเจริญ,5,8.388566277823816
2022-10-03,มีนบุรี,11,7.2154273768906565
2022-10-03,ราชเทวี,7,11.753741221009275
2022-10-03,สวนหลวง,21,15.550627179723094
2022-10-04,คลองสาน,3,5.8091970220800055
2022-10-04,ดอนเมือง,15,12.603286727307998
2022-10-04,บางกอกใหญ่,2,5.547312367833469
2022-10-04,บางคอแหลม,1,6.638616036465143
2022-10-04,บางแค,9,16.806818922362826
2022-10-04,พระนคร,8,7.643150365314919
2022-10-04,มีนบุรี,7,10.123331642948543
2022-10-04,ยานนาวา,6,7.256901534049601
2022-10-04,ราชเทวี,10,12.480965742860155
2022-10-04,ราษฎร์บูรณะ,2,5.640292994348494
2022-10-04,สายไหม,13,9.765037676986166
2022-10-04,หนองจอก,11,7.497799788924736
2022-10-04,หลักสี่,13,13.85792335716334
2022-10-05,คลองสามวา,11,9.539844983879366
2022-10-05,ทุ่งครุ,2,6.825925405757376
2022-10-05,บางกะปิ,7,16.61193838581493
2022-10-05,บางนา,10,14.095476393881034
2022-10-05,บึงกุ่ม,5,9.17723607673196
2022-10-05,ปทุมวัน,13,13.92522430834617
2022-10-05,สวนหลวง,11,15.550627179723094
2022-10-05,สัมพันธวงศ์,1,5.448685869709471
2022-10-06,จอมทอง,6,6.611383417284479
2022-10-06,บางกอกใหญ่,2,5.706973472883667
2022-10-06,บางนา,11,9.857087854664028
2022-10-06,บางบอน,1,5.687394315840882
2022-10-06,ป้อมปราบศัตรูพ่าย,2,7.388249783420116
2022-10-06,มีนบุรี,2,7.126688566148968
2022-10-06,ราษฎร์บูรณะ,3,5.7999540993986916
2022-10-06,วัฒนา,8,16.796162816426943
2022-10-06,สายไหม,7,10.368610956677708
2022-10-06,หนองจอก,4,9.484756768953936
2022-10-07,จอมทอง,6,7.158880817624126
2022-10-07,บางกอกใหญ่,2,5.771354621862573
2022-10-07,ปทุมวัน,17,16.265721860482273
2022-10-07,พระโขนง,17,9.225132786152123
2022-10-07,ยานนาวา,5,8.040234128150338
2022-10-07,ลาดพร้าว,7,6.983190099181213
2022-10-07,ห้วยขวาง,22,12.017414851850742
2022-10-08,ทุ่งครุ,8,5.9149707099970295
2022-10-08,บางกอกน้อย,8,19.606605729853282
2022-10-08,บางบอน,1,5.9818361529208905
2022-10-08,บึงกุ่ม,8,6.6725267120592635
2022-10-08,มีนบุรี,1,7.365000189872669
2022-10-08,ราษฎร์บูรณะ,5,5.932942264533217
2022-10-08,ลาดพร้าว,5,7.773256104898456
2022-10-08,หนองจอก,1,7.979591749552678
2022-10-09,คันนายาว,2,5.732540346305759
2022-10-09,จอมทอง,4,7.848251215940509
2022-10-09,บางแค,4,36.38990655748115
2022-10-09,ประเวศ,24,23.851245839437542
2022-10-09,พระโขนง,26,7.0501065656164075
2022-10-10,คลองสามวา,6,7.2132279139750555
2022-10-10,จอมทอง,6,6.411872114297056
2022-10-10,ดินแดง,8,10.10170979167584
2022-10-10,ธนบุรี,6,10.386128784200116
2022-10-10,บางกอกน้อย,2,8.771629889014935
2022-10-10,บางนา,7,14.152246970532477
2022-10-10,บางบอน,2,5.799571121958238
2022-10-10,ป้อมปราบศัตรูพ่าย,3,7.081693367718337
2022-10-10,พญาไท,5,8.26483758871743
2022-10-10,พระนคร,6,7.494580954814738
2022-10-10,พระโขนง,8,18.697572110261675
2022-10-10,ภาษีเจริญ,5,12.193188835728705
2022-10-10,วัฒนา,15,16.20031740071085
2022-10-11,คลองสามวา,6,7.8585770017783645
2022-10-11,คันนายาว,1,5.552871549941283
2022-10-11,จอมทอง,2,7.043443179201221
2022-10-11,ปทุมวัน,16,13.918732167168457
2022-10-11,พระโขนง,10,8.241864502856869
2022-10-11,ลาดกระบัง,18,16.48345024802718
2022-10-11,ห้วยขวาง,20,11.918226828796707
2022-10-12,คลองสามวา,12,7.849076462297894
2022-10-12,จอมทอง,5,6.196837990879654
2022-10-12,ทวีวัฒนา,5,5.632589176515583
2022-10-12,ทุ่งครุ,3,5.526381212360483
2022-10-12,บางคอแหลม,5,9.450516841042646
2022-10-12,บางซื่อ,8,9.563751989982563
2022-10-12,พญาไท,4,9.95247585317177
2022-10-12,พระนคร,10,7.209265231629542
2022-10-12,มีนบุรี,12,9.821516795122061
2022-10-12,ยานนาวา,4,7.804081263867263
2022-10-12,สวนหลวง,13,15.977951250143064
2022-10-12,หนองจอก,5,9.480654080363259
2022-10-13,คลองสามวา,3,11.188189268683443
2022-10-13,ทวีวัฒนา,3,5.918572426929242
2022-10-13,ธนบุรี,9,7.062359411081232
2022-10-13,บางพลัด,10,10.138349316734384
2022-10-13,พญาไท,3,7.130002401474728
2022-10-13,ภาษีเจริญ,9,7.78285460852346
2022-10-13,มีนบุรี,4,10.813675955809847
2022-10-13,สวนหลวง,8,14.673389087663134
2022-10-13,สาทร,15,10.344072868934719
2022-10-14,คลองสามวา,7,7.060051676499254
2022-10-14,จอมทอง,8,8.616416977847967
2022-10-14,ดอนเมือง,4,6.3554185024959695
2022-10-14,ตลิ่งชัน,12,7.862442262310435
2022-10-14,ทวีวัฒนา,1,5.698518053018493
2022-10-14,บางกะปิ,17,12.899258109967288
2022-10-14,บางพลัด,7,9.757996181976326
2022-10-14,ลาดกระบัง,31,18.35747652595615
2022-10-14,สะพานสูง,4,7.268048832990431
2022-10-14,สาทร,5,11.61839937821845
2022-10-14,สายไหม,13,7.18049057775943
2022-10-14,ห้วยขวาง,5,10.056469392518782
2022-10-15,ดอนเมือง,4,6.337553571225355
2022-10-15,ตลิ่งชัน,14,10.633655722088065
2022-10-15,บางคอแหลม,5,7.227023481469374
2022-10-15,บางรัก,7,11.568160080909662
2022-10-15,พญาไท,5,9.860442876592959
2022-10-15,พระโขนง,8,7.861633971743098
2022-10-15,ราชเทวี,7,10.776042313601984
2022-10-15,ราษฎร์บูรณะ,4,5.8305819627091955
2022-10-15,หนองจอก,2,11.720002019972737
2022-10-16,คลองสามวา,7,7.825044872111553
2022-10-16,ทุ่งครุ,4,6.450659764655887
2022-10-16,ธนบุรี,4,7.308211904662801
2022-10-16,บางคอแหลม,1,6.597542445680356
2022-10-16,ป้อมปราบศัตรูพ่าย,6,7.227970476789328
2022-10-16,พระนคร,5,8.104618733300608
2022-10-16,วังทองหลาง,1,6.868753629487043
2022-10-16,หนองแขม,2,6.511240494819681
2022-10-17,คลองสาน,5,5.612853159786718
2022-10-17,คลองสามวา,4,7.99549708769747
2022-10-17,บางขุนเทียน,14,12.749124429841588
2022-10-17,ภาษีเจริญ,3,6.956213125080059
2022-10-17,วัฒนา,15,13.33673931792536
2022-10-17,หนองแขม,3,5.632589176515583
2022-10-17,ห้วยขวาง,7,11.44787355200872
2022-10-18,ดอนเมือง,7,6.169819226955107
2022-10-18,บางแค,6,14.582968466840763
2022-10-18,พญาไท,13,7.978681094983126
2022-10-18,ราชเทวี,11,17.505766827658224
2022-10-18,วังทองหลาง,13,7.211262909502166
2022-10-18,วัฒนา,11,16.53302945851495
2022-10-18,หนองจอก,6,12.156691893649901
2022-10-18,หลักสี่,6,6.734495268462018
2022-10-18,ห้วยขวาง,10,11.113930694374677
2022-10-19,คลองเตย,19,12.746298034197483
2022-10-19,ดินแดง,12,12.062901272277037
2022-10-19,ทวีวัฒนา,1,6.5109422777628225
2022-10-19,ธนบุรี,9,8.047952740334866
2022-10-19,บางกอกน้อย,5,9.625445882498525
2022-10-19,บางกอกใหญ่,4,5.326700008692074
2022-10-19,บางกะปิ,7,16.242077349214533
2022-10-19,บางคอแหลม,3,6.397732925636076
2022-10-19,บางซื่อ,6,11.92931435066218
2022-10-19,บางนา,5,11.622748781393733
2022-10-19,บางพลัด,3,7.060893191612905
2022-10-19,พญาไท,5,11.61815867078189
2022-10-19,พระนคร,9,10.608568228024364
2022-10-19,วัฒนา,16,13.97484207568024
2022-10-20,คลองเตย,10,17.707973752711013
2022-10-20,คันนายาว,6,5.557445441204382
2022-10-20,ดอนเมือง,4,6.424738248524866
2022-10-20,บางคอแหลม,9,6.342325207053738
2022-10-20,ยานนาวา,4,6.914151944122741
2022-10-20,สวนหลวง,9,12.770859215800126
2022-10-20,สายไหม,3,9.386565050014664
2022-10-20,หนองจอก,3,6.990440849704521
2022-10-21,ทวีวัฒนา,2,5.898049114481415
2022-10-21,บางกอกน้อย,5,8.521993680740547
2022-10-21,บางบอน,7,5.708298537609522
2022-10-21,บึงกุ่ม,6,7.450713049705252
2022-10-21,พระนคร,8,7.530044514019217
2022-10-21,ลาดกระบัง,10,20.371414332727642
2022-10-21,วัฒนา,9,16.540841138441372
2022-10-21,สัมพันธวงศ์,1,5.437403789027821
2022-10-22,คลองสามวา,3,7.839790734374674
2022-10-22,จอมทอง,8,6.474392580045446
2022-10-22,ดินแดง,5,12.256750931275992
2022-10-22,ทวีวัฒนา,2,5.64958889290398
2022-10-22,บางเขน,7,13.790633488064003
2022-10-22,พระโขนง,5,7.005966021157297
2022-10-22,หนองจอก,1,7.082593956917219
2022-10-23,คลองสามวา,3,7.0228366400215
2022-10-23,ธนบุรี,5,12.33271941926566
2022-10-23,บางกอกน้อย,1,12.269680834063184
2022-10-23,บางกอกใหญ่,5,5.3834256062522545
2022-10-23,บางบอน,1,5.547238489198061
2022-10-23,บางรัก,1,8.932449074851357
2022-10-23,ปทุมวัน,4,12.040599066131303
2022-10-23,พญาไท,2,7.212009581735584
2022-10-23,ลาดกระบัง,21,14.446873309765333
2022-10-23,วังทองหลาง,8,6.9371022841173655
2022-10-23,สาทร,11,7.0228366400215
2022-10-23,หลักสี่,7,7.127859198219331
2022-10-24,จอมทอง,2,7.168352692186547
2022-10-24,ตลิ่งชัน,6,7.058789504334842
2022-10-24,บางกอกน้อย,2,7.309252311252439
2022-10-24,บึงกุ่ม,5,6.581956692358344
2022-10-24,ภาษีเจริญ,9,7.366986516134761
2022-10-24,ยานนาวา,1,6.951436369909166
2022-10-24,ลาดพร้าว,4,8.022064062496291
2022-10-24,วังทองหลาง,2,8.192980040477993
2022-10-24,สาทร,6,10.349582646095346
2022-10-25,คลองสามวา,3,6.940392335069944
2022-10-25,คันนายาว,5,5.58024589024338
2022-10-25,บางกอกน้อย,5,7.330636655227617
2022-10-25,บางแค,17,14.201272630949685
2022-10-25,ป้อมปราบศัตรูพ่าย,6,7.054718047739124
2022-10-25,สวนหลวง,10,12.912638363888536
2022-10-25,สาทร,7,7.902941140180793
2022-10-25,หนองแขม,3,5.686453854398481
2022-10-26,คลองสาน,2,6.5042262254819265
2022-10-26,คลองสามวา,7,7.044305527587419
2022-10-26,คลองเตย,11,13.574773896657646
2022-10-26,ดินแดง,8,13.678807981484178
2022-10-26,บางกะปิ,9,13.51268274255585
2022-10-26,บางพลัด,5,8.214310345043092
2022-10-26,บึงกุ่ม,2,6.622880434193256
2022-10-26,ประเวศ,13,14.033779193861188
2022-10-26,มีนบุรี,9,7.099713246169754
2022-10-26,สาทร,5,8.049361765580368
2022-10-27,คลองสามวา,4,8.028135110236564
2022-10-27,ธนบุรี,6,9.56721008862866
2022-10-27,บางกอกน้อย,5,7.323515714895291
2022-10-27,บางพลัด,7,7.4213142851975835
2022-10-27,พระนคร,2,8.107575018775899
2022-10-27,ภาษีเจริญ,6,7.101353842267895
2022-10-27,มีนบุรี,6,9.330072478170825
2022-10-27,สาทร,7,7.350861943289198
2022-10-27,ห้วยขวาง,5,12.335488611502722
2022-10-28,จอมทอง,6,6.320313495557285
2022-10-28,ทุ่งครุ,3,5.675691268066184
2022-10-28,บางซื่อ,6,9.314698291245318
2022-10-28,ประเวศ,13,13.898190427169714
2022-10-28,ป้อมปราบศัตรูพ่าย,5,7.068921155951519
2022-10-28,พระนคร,9,7.33274073630717
2022-10-28,มีนบุรี,8,7.916306940193333
2022-10-28,ราษฎร์บูรณะ,7,5.721318502057491
2022-10-28,ลาดกระบัง,19,16.184833088087785
2022-10-28,สาทร,7,8.062727565592906
2022-10-28,สายไหม,6,7.8358920750901815
2022-10-28,หนองแขม,9,5.951913792364313
2022-10-28,หลักสี่,8,6.802563054557311
2022-10-29,คันนายาว,5,5.744298284221805
2022-10-29,จอมทอง,6,7.061531791580094
2022-10-29,บางกะปิ,10,13.13677183294152
2022-10-29,บางรัก,8,13.07458555468753
2022-10-29,บึงกุ่ม,3,6.805784339334619
2022-10-29,พระนคร,6,9.468282818873798
2022-10-29,ลาดกระบัง,14,15.976660348376488
2022-10-29,สวนหลวง,4,12.5226583629602
2022-10-29,สัมพันธวงศ์,3,5.528811254222441
2022-10-29,ห้วยขวาง,10,12.246433665413381
2022-10-30,จอมทอง,7,6.913668974749744
2022-10-30,ดุสิต,5,5.838534841184273
2022-10-30,ตลิ่งชัน,7,7.958627770848949
2022-10-30,บางกะปิ,5,12.475368827082018
2022-10-30,บางแค,7,27.30009927738085
2022-10-30,พระนคร,8,8.140303463844115
2022-10-30,มีนบุรี,4,7.08067983511642
2022-10-30,ลาดกระบัง,9,14.283083180697213
2022-10-30,วัฒนา,4,13.339288658988531
2022-10-30,สัมพันธวงศ์,2,5.178044465095722
2022-10-30,หนองแขม,4,5.481623146013937
2022-10-31,ธนบุรี,4,8.412792008440059
2022-10-31,บางกอกใหญ่,3,5.770461129506105
2022-10-31,บางนา,6,7.43274396726081
2022-10-31,บางพลัด,7,7.177286528410467
2022-10-31,ยานนาวา,4,8.168920531972457
2022-10-31,วัฒนา,16,11.773330862334241
2022-10-31,สัมพันธวงศ์,1,5.364758860244015
2022-11-01,คลองสามวา,6,7.38273546697246
2022-11-01,คลองเตย,7,13.681461942564136
2022-11-01,จตุจักร,13,18.02261598326011
2022-11-01,บางกอกน้อย,4,8.010035393239027
2022-11-01,ป้อมปราบศัตรูพ่าย,7,7.251200920715741
2022-11-01,วัฒนา,10,16.553111313174888
2022-11-02,คันนายาว,4,5.594665760357186
2022-11-02,ดอนเมือง,3,7.352653806624569
2022-11-02,ตลิ่งชัน,5,7.246651091805293
2022-11-02,ทุ่งครุ,7,6.098689830169675
2022-11-02,บางกอกใหญ่,2,5.737697507777179
2022-11-02,บางกะปิ,6,13.083175392869418
2022-11-02,บางขุนเทียน,8,13.862855624646688
2022-11-02,บางพลัด,5,10.939869042498588
2022-11-02,ปทุมวัน,9,14.050574635016062
2022-11-02,พระนคร,6,10.6786029148105
2022-11-02,ลาดกระบัง,14,13.466232990633207
2022-11-02,วัฒนา,13,13.664764718995874
2022-11-02,สะพานสูง,4,7.617043410728573
2022-11-02,ห้วยขวาง,15,11.985203879159222
2022-11-03,คลองสาน,2,6.064116043649767
2022-11-03,คลองสามวา,6,7.33319043963138
2022-11-03,ดอนเมือง,1,6.563603184727702
2022-11-03,บางกอกน้อย,6,12.603967058774707
2022-11-03,บางกะปิ,6,12.894717271413759
2022-11-03,บางขุนเทียน,12,12.619627087757697
2022-11-03,บึงกุ่ม,3,6.700336130502889
2022-11-03,วังทองหลาง,9,7.192048365144909
2022-11-04,บางคอแหลม,3,6.768807593423669
2022-11-04,บางเขน,10,13.772379929885961
2022-11-04,บางแค,9,18.48494141069035
2022-11-04,ป้อมปราบศัตรูพ่าย,10,8.075701083584242
2022-11-04,พระโขนง,8,11.079734791288924
2022-11-04,ราชเทวี,13,12.39147353508183
2022-11-04,สัมพันธวงศ์,5,5.454892756769462
2022-11-04,หนองแขม,6,6.064397260775472
2022-11-05,คันนายาว,2,6.04639095999488
2022-11-05,ตลิ่งชัน,7,9.24003894605765
2022-11-05,บางกะปิ,10,16.402599033632367
2022-11-05,บางคอแหลม,3,6.760627312554422
2022-11-05,ราษฎร์บูรณะ,2,6.663161389475962
2022-11-05,ลาดพร้าว,5,7.837810911972444
2022-11-05,สวนหลวง,9,14.794975594652016
2022-11-05,หนองจอก,3,7.980777127162897
2022-11-05,หนองแขม,3,6.777289016357318
2022-11-06,ทวีวัฒนา,8,5.817847543648443
2022-11-06,ทุ่งครุ,2,5.825767206374698
2022-11-06,บางขุนเทียน,11,12.40515571672515
2022-11-06,บางนา,5,7.259157073633325
2022-11-06,บางพลัด,5,7.31025605048476
2022-11-06,บางรัก,15,9.978482348852092
2022-11-06,บางแค,17,30.33381651875619
2022-11-06,พระโขนง,2,7.821714693631097
2022-11-06,ภาษีเจริญ,7,7.97966681958914
2022-11-06,มีนบุรี,2,7.146143420417961
2022-11-06,ลาดกระบัง,13,15.070815023033285
2022-11-06,วังทองหลาง,4,8.012412269709568
2022-11-06,หลักสี่,11,7.196863083134846
2022-11-07,ทวีวัฒนา,5,7.302386198086462
2022-11-07,บางบอน,8,9.986608567529254
2022-11-07,บางพลัด,5,7.597357611917547
2022-11-07,ปทุมวัน,12,11.911797985485808
2022-11-07,พญาไท,5,7.611059103197031
2022-11-07,มีนบุรี,8,7.126688566148968
2022-11-07,ลาดกระบัง,7,15.559447472288221
2022-11-07,สาทร,10,7.268635632557391
2022-11-07,หนองแขม,4,5.94359822759994
2022-11-08,คลองเตย,18,11.860459412476072
2022-11-08,ดินแดง,4,13.862392986494697
2022-11-08,ทวีวัฒนา,4,6.115453851132245
2022-11-08,บางกอกใหญ่,2,5.5719960515222935
2022-11-08,บางบอน,5,7.241805467922669
2022-11-08,บางพลัด,7,7.597357611917547
2022-11-08,บางเขน,6,15.710353287052985
2022-11-08,ราชเทวี,8,12.126221322007726
2022-11-08,วัฒนา,12,18.89361749181037
2022-11-08,สะพานสูง,7,6.962342050503577
2022-11-08,หนองแขม,6,6.030070175026177
2022-11-09,คลองสาน,1,8.763231891662082
2022-11-09,คลองสามวา,8,8.135232956032201
2022-11-09,ดินแดง,15,10.072955122201432
2022-11-09,ตลิ่งชัน,3,7.126688566148968
2022-11-09,บางเขน,13,12.467026943283184
2022-11-09,บางแค,4,14.478959941908858
2022-11-09,พญาไท,3,7.266317518319026
2022-11-09,พระนคร,6,7.432052295900076
2022-11-09,ภาษีเจริญ,2,7.183736880829445
2022-11-09,ลาดพร้าว,3,7.8423579635518905
2022-11-09,สาทร,5,8.071863526568432
2022-11-09,หลักสี่,9,7.1349177792543
2022-11-09,ห้วยขวาง,9,11.829337693844892
2022-11-10,คลองเตย,13,13.581715546934154
2022-11-10,ดุสิต,4,6.078144963501168
2022-11-10,ทวีวัฒนา,2,5.850371367531002
2022-11-10,ธนบุรี,8,10.317392569185882
2022-11-10,บางขุนเทียน,5,15.39318408481438
2022-11-10,บางพลัด,1,8.134043298424668
2022-11-10,บางแค,11,12.554161021265902
2022-11-10,บึงกุ่ม,2,6.635781323428901
2022-11-10,ภาษีเจริญ,5,7.128329162247108
2022-11-10,ลาดกระบัง,14,15.64372522046419
2022-11-10,วังทองหลาง,7,7.4340499737727
2022-11-10,สัมพันธวงศ์,3,5.584084091958873
2022-11-11,จอมทอง,3,7.568871284560062
2022-11-11,ตลิ่งชัน,7,9.610405819285216
2022-11-11,ทวีวัฒนา,7,5.693944161755394
2022-11-11,บางขุนเทียน,1,11.608348910634287
2022-11-11,บางนา,3,7.115565919228734
2022-11-11,บางพลัด,5,7.1041362371655055
2022-11-11,บางเขน,20,13.691098401966656
2022-11-11,ปทุมวัน,12,15.781616691024777
2022-11-11,มีนบุรี,3,9.2768879298481
2022-11-11,ยานนาวา,9,7.244431765992887
2022-11-11,ราษฎร์บูรณะ,7,8.165656887828266
2022-11-11,สาทร,8,11.330028107522907
2022-11-11,หนองแขม,5,5.725008390599293
2022-11-12,จตุจักร,16,19.909718526899763
2022-11-12,จอมทอง,9,6.32446373908413
2022-11-12,ดินแดง,10,10.87885065615428
2022-11-12,ดุสิต,3,6.484776354134775
2022-11-12,ตลิ่งชัน,6,7.986211359774248
2022-11-12,บางกอกใหญ่,1,5.539257876605637
2022-11-12,บางขุนเทียน,10,10.874892877531273
2022-11-12,บางซื่อ,11,10.49416892320248
2022-11-12,วังทองหลาง,2,7.890975562371516
2022-11-12,สาทร,4,8.202881903254415
2022-11-12,หนองจอก,2,7.22875247342822
2022-11-13,จอมทอง,3,8.9792720915197
2022-11-13,ดุสิต,5,5.710268598795815
2022-11-13,บางพลัด,6,7.087468986214226
2022-11-13,สาทร,2,7.009895703973515
2022-11-13,หนองจอก,6,6.954487985391178
2022-11-14,คลองสาน,2,5.557445441204382
2022-11-14,บางกอกน้อย,5,7.27677197734472
2022-11-14,บางคอแหลม,5,6.342325207053738
2022-11-14,บึงกุ่ม,5,6.820164453429801
2022-11-14,ปทุมวัน,13,13.186387619142186
2022-11-14,พระนคร,3,7.216386171961868
2022-11-14,สะพานสูง,9,7.769294767321702
2022-11-14,สาทร,7,6.990440849704521
2022-11-14,ห้วยขวาง,6,10.153903483934359
2022-11-15,คลองเตย,10,13.093547012447
2022-11-15,จตุจักร,14,18.890897738413457
2022-11-15,ดอนเมือง,4,6.169819226955107
2022-11-15,ธนบุรี,9,10.37497145460389
2022-11-15,บางนา,6,7.127730592258471
2022-11-15,ปทุมวัน,11,15.557802803419557
2022-11-15,ยานนาวา,2,9.834425312208563
2022-11-15,ราชเทวี,11,25.959990557669784
2022-11-15,วังทองหลาง,3,6.868838173077785
2022-11-15,สะพานสูง,3,8.793410478846383
2022-11-15,สัมพันธวงศ์,1,5.310894182361118
2022-11-15,สาทร,4,7.99549708769747
2022-11-15,หนองแขม,3,5.918572426929242
2022-11-15,ห้วยขวาง,12,11.113930694374677
2022-11-16,จตุจักร,12,18.218717268805758
2022-11-16,จอมทอง,3,6.160969670157051
2022-11-16,ทุ่งครุ,6,5.526381212360483
2022-11-16,ธนบุรี,7,9.679530358400227
2022-11-16,บึงกุ่ม,1,7.437347249692712
2022-11-16,ป้อมปราบศัตรูพ่าย,6,6.9454456512738885
2022-11-16,มีนบุรี,8,6.990440849704521
2022-11-16,ราษฎร์บูรณะ,3,5.658480393778026
2022-11-16,วังทองหลาง,1,6.9047064938003855
2022-11-17,ทวีวัฒนา,5,5.528675983998109
2022-11-17,บางคอแหลม,5,6.397732925636076
2022-11-17,ป้อมปราบศัตรูพ่าย,2,7.840306104709461
2022-11-17,พญาไท,6,7.381151098594169
2022-11-17,สัมพันธวงศ์,1,5.341958411205018
2022-11-17,สาทร,10,9.431560248445294
2022-11-17,หนองจอก,7,7.2969972654063
2022-11-18,คลองสามวา,1,7.060051676499254
2022-11-18,คันนายาว,1,5.708298537609522
2022-11-18,จอมทอง,3,6.230580496951784
2022-11-18,ดินแดง,5,12.107985947546279
2022-11-18,ธนบุรี,11,7.076562519293627
2022-11-18,บางซื่อ,5,8.392492387680576
2022-11-18,บางบอน,2,8.139166550247467
2022-11-18,พระนคร,2,8.234723421648917
2022-11-18,ลาดกระบัง,2,20.097830025366143
2022-11-18,หนองจอก,3,8.00886288771001
2022-11-18,ห้วยขวาง,4,10.001061673936446
2022-11-19,บางคอแหลม,1,6.5100595513239865
2022-11-19,วัฒนา,11,14.662773625147963
2022-11-19,สัมพันธวงศ์,1,5.388474628913308
2022-11-19,หนองจอก,1,7.027186238334883
2022-11-20,จอมทอง,3,6.184338582467676
2022-11-20,ธนบุรี,5,7.045141933416358
2022-11-20,บางบอน,1,5.54582238413424
2022-11-20,บางพลัด,6,7.087468986214226
2022-11-20,บางรัก,4,9.03378462896652
2022-11-20,พญาไท,1,7.112596698261365
2022-11-20,ยานนาวา,10,7.196676769638181
2022-11-20,ราชเทวี,7,10.577709915481256
2022-11-20,ลาดพร้าว,9,6.741378691628691
2022-11-20,สายไหม,4,7.142236120885192
2022-11-21,คันนายาว,11,5.422468019843008
2022-11-21,ดอนเมือง,3,6.1387549981112075
2022-11-21,บางคอแหลม,5,6.397732925636076
2022-11-21,บางรัก,4,9.633440769268278
2022-11-21,บางเขน,4,11.333782122948495
2022-11-21,บางแค,8,12.961797735420395
2022-11-21,บึงกุ่ม,5,6.513608037728022
2022-11-21,ราชเทวี,8,12.102890267643232
2022-11-21,ห้วยขวาง,4,11.113930694374677
2022-11-22,บางกะปิ,21,15.386007971195564
2022-11-22,บางนา,6,14.045874882307666
2022-11-22,บางพลัด,2,9.869671541651403
2022-11-22,พระนคร,5,7.271793890544205
2022-11-22,ลาดพร้าว,3,7.7891614430432465
2022-11-22,หลักสี่,9,9.59630130415007
2022-11-23,จตุจักร,28,18.679990706184782
2022-11-23,ทวีวัฒนา,1,5.700937831145906
2022-11-23,บางบอน,2,6.601761398165155
2022-11-23,บางรัก,5,10.499477117202508
2022-11-23,ปทุมวัน,6,13.372852816815131
2022-11-23,ประเวศ,12,12.757228552123685
2022-11-23,พญาไท,9,7.449499753224491
2022-11-23,พระนคร,1,7.584170301961642
2022-11-23,ลาดกระบัง,4,14.080753182623962
2022-11-23,วังทองหลาง,8,7.882005450255697
2022-11-23,หนองจอก,12,9.417427642509654
2022-11-23,หนองแขม,3,5.986921081559564
2022-11-23,หลักสี่,6,9.134308436020532
2022-11-24,ดอนเมือง,5,6.2381678815854285
2022-11-24,ดุสิต,5,6.045159332066038
2022-11-24,ตลิ่งชัน,6,7.896198461584413
2022-11-24,บางแค,14,12.890619100842724
2022-11-24,สาทร,3,7.365345920036622
2022-11-24,สายไหม,5,6.928059950000076
2022-11-25,คันนายาว,2,8.075940112393862
2022-11-25,บางกะปิ,6,16.21521635305972
2022-11-25,บางคอแหลม,1,6.3914040205337885
2022-11-25,บางซื่อ,5,8.446357065563474
2022-11-25,บางบอน,4,6.606108183789894
2022-11-25,บางพลัด,1,7.1843686962905355
2022-11-25,ป้อมปราบศัตรูพ่าย,5,7.320089611546462
2022-11-25,พระโขนง,1,7.017879499580596
2022-11-25,ยานนาวา,5,7.037627448800372
2022-11-25,วัฒนา,12,13.135008432261737
2022-11-25,หนองแขม,5,5.807790449483727
2022-11-26,คลองเตย,5,14.379093734229855
2022-11-26,ตลิ่งชัน,15,11.836080050985505
2022-11-26,บางกะปิ,14,12.374584972961701
2022-11-26,บางพลัด,6,7.175451068133777
2022-11-26,บางรัก,5,9.514700983104063
2022-11-26,ประเวศ,8,14.979326266654857
2022-11-26,มีนบุรี,7,7.136458634800117
2022-11-26,ลาดกระบัง,14,16.05993469164706
2022-11-26,สะพานสูง,3,6.492342539418435
2022-11-27,คลองสามวา,7,10.567417330300383
2022-11-27,คลองเตย,8,11.359263108445973
2022-11-27,คันนายาว,7,5.443323906621844
2022-11-27,ดินแดง,7,10.24369526914624
2022-11-27,ธนบุรี,2,6.956907987736132
2022-11-27,บางกอกน้อย,5,7.305891054127379
2022-11-27,บางกอกใหญ่,2,5.409258821202342
2022-11-27,บางกะปิ,14,14.432014357070656
2022-11-27,บางขุนเทียน,4,14.658505733065425
2022-11-27,บางพลัด,1,7.842471487243086
2022-11-27,ราชเทวี,6,11.171027283433945
2022-11-27,ลาดกระบัง,8,14.256775361666252
2022-11-27,สวนหลวง,9,10.880176677893393
2022-11-27,สัมพันธวงศ์,2,5.179020640292228
2022-11-27,หนองแขม,4,6.522857442086988
2022-11-27,ห้วยขวาง,6,10.126132908397992
2022-11-28,ทวีวัฒนา,4,5.582540661881007
2022-11-28,บางกอกน้อย,5,7.587590850427793
2022-11-28,บางขุนเทียน,10,11.052034978068896
2022-11-28,บางซื่อ,2,8.700151355733748
2022-11-28,บางนา,5,7.43274396726081
2022-11-28,บางพลัด,10,7.0860104891055276
2022-11-28,บางแค,10,16.209665517712146
2022-11-28,ราษฎร์บูรณะ,14,13.551192107670207
2022-11-28,สวนหลวง,7,12.46941138806156
2022-11-28,สะพานสูง,2,6.773516925513954
2022-11-28,หนองแขม,5,5.772925801824717
2022-11-29,จตุจักร,22,19.092238036750828
2022-11-29,ดอนเมือง,2,6.223683904838003
2022-11-29,ดุสิต,6,5.775756333748854
2022-11-29,บางซื่อ,2,8.644743637151413
2022-11-29,บึงกุ่ม,4,6.622880434193256
2022-11-29,สะพานสูง,4,6.435896280968275
2022-11-29,สายไหม,4,9.392074827175291
2022-11-29,ห้วยขวาง,18,11.108677811883766
2022-11-30,คลองสาน,8,5.544377569520778
2022-11-30,คันนายาว,3,5.58024589024338
2022-11-30,ดุสิต,5,6.56480695564572
2022-11-30,ธนบุรี,6,7.492286725140166
2022-11-30,บางกอกใหญ่,6,5.770461129506105
2022-11-30,บางคอแหลม,3,6.365125656092737
2022-11-30,บางซื่อ,5,8.637622696819086
2022-11-30,บางบอน,4,8.190518775307673
2022-11-30,พญาไท,5,11.554932232928286
2022-11-30,ภาษีเจริญ,2,7.101353842267895
2022-11-30,ลาดพร้าว,4,7.9879377026526
2022-11-30,สะพานสูง,8,6.522368228394511
2022-11-30,สาทร,3,12.222230963646316
2022-11-30,สายไหม,8,6.968983691834988
2022-11-30,หนองแขม,6,5.97243710481214
2022-11-30,หลักสี่,1,6.732952227762579
2022-12-01,คลองสาน,5,7.260228873672
2022-12-01,คลองเตย,15,16.936429107106342
2022-12-01,ตลิ่งชัน,9,9.490370164350452
2022-12-01,ทุ่งครุ,4,5.862251607097095
2022-12-01,ธนบุรี,5,8.318490243852365
2022-12-01,บางคอแหลม,4,6.6881610638062226
2022-12-01,ยานนาวา,3,8.137988196848536
2022-12-01,ลาดพร้าว,5,7.0830868253838855
2022-12-02,บางคอแหลม,3,6.824215312006006
2022-12-02,บางพลัด,8,7.473253608334497
2022-12-02,บึงกุ่ม,7,6.80101118614152
2022-12-02,ประเวศ,15,16.641832784326386
2022-12-02,ภาษีเจริญ,6,10.91137076413585
2022-12-02,ยานนาวา,10,7.271104642261998
2022-12-02,ราชเทวี,8,14.675530190182041
2022-12-02,วังทองหลาง,4,9.124698616027
2022-12-02,สะพานสูง,1,7.530170703112643
2022-12-02,หนองจอก,6,7.316261918600025
2022-12-03,บางกอกใหญ่,4,6.481446766365134
2022-12-03,บางรัก,2,11.249482580053229
2022-12-03,ปทุมวัน,23,15.859700619622771
2022-12-03,ประเวศ,14,16.951931950926543
2022-12-03,พระนคร,7,7.787998662925506
2022-12-03,พระโขนง,4,11.00698984350171
2022-12-03,วัฒนา,4,12.24278858487883
2022-12-04,บางเขน,5,10.728011012774223
2022-12-04,ประเวศ,11,15.496495547440318
2022-12-04,ป้อมปราบศัตรูพ่าย,2,7.189887032729018
2022-12-04,วังทองหลาง,4,7.144411183776663
2022-12-05,ป้อมปราบศัตรูพ่าย,2,7.170432178460025
2022-12-05,ราชเทวี,8,12.3825844048639
2022-12-05,ลาดพร้าว,4,7.002318083128169
2022-12-05,หนองจอก,4,7.270835095472992
2022-12-05,หลักสี่,5,7.168248871413651
2022-12-06,คลองสามวา,7,13.013436771200574
2022-12-06,คันนายาว,6,5.61934944404601
2022-12-06,ดุสิต,5,6.776828589022882
2022-12-06,ทวีวัฒนา,6,5.860534829562485
2022-12-06,ธนบุรี,7,9.913783275126145
2022-12-06,บางกอกน้อย,5,8.333875275360384
2022-12-06,บางกะปิ,8,13.201991662982541
2022-12-06,บางรัก,8,9.665462892086465
2022-12-06,บางแค,11,18.292683347832014
2022-12-06,พระนคร,5,7.439173236232402
2022-12-06,มีนบุรี,8,7.126688566148968
2022-12-06,สะพานสูง,2,7.507365863830286
2022-12-06,ห้วยขวาง,5,10.185340703156113
2022-12-07,คลองเตย,22,13.430256239918668
2022-12-07,ดอนเมือง,4,6.467984148809815
2022-12-07,บางกอกใหญ่,3,5.675909244039768
2022-12-07,บางขุนเทียน,4,12.305531308664442
2022-12-07,บางซื่อ,4,8.618135023936574
2022-12-07,บางนา,20,7.295109937946668
2022-12-07,บางรัก,8,10.83198496814784
2022-12-07,บางเขน,7,11.353246507899264
2022-12-07,ภาษีเจริญ,5,7.092460841524506
2022-12-07,ราชเทวี,10,12.304064664577725
2022-12-07,วัฒนา,26,13.677851398514415
2022-12-07,หนองแขม,3,6.030070175026177
2022-12-08,บางคอแหลม,10,9.183767970583846
2022-12-08,บางซื่อ,4,8.67354274251891
2022-12-08,บางรัก,7,10.810758312804035
2022-12-08,ภาษีเจริญ,9,7.434885577948887
2022-12-08,หนองจอก,6,7.182096284731304
2022-12-08,หนองแขม,7,5.9746624564438395
2022-12-09,บางคอแหลม,6,9.17647198657772
2022-12-09,บางพลัด,2,7.604459538273114
2022-12-09,บางรัก,3,10.469199020024874
2022-12-09,ปทุมวัน,7,15.948399125554982
2022-12-09,ป้อมปราบศัตรูพ่าย,6,8.029392966149725
2022-12-09,ยานนาวา,4,7.99511138832604
2022-12-09,ลาดกระบัง,10,16.75096386687799
2022-12-09,วังทองหลาง,5,8.004686920084152
2022-12-09,วัฒนา,10,14.655388196832217
2022-12-10,จอมทอง,10,6.602954756036612
2022-12-10,ดอนเมือง,4,6.611375003341625
2022-12-10,ทวีวัฒนา,3,5.836306855075499
2022-12-10,บางกะปิ,4,15.767361339802315
2022-12-10,บางคอแหลม,1,7.423321414383859
2022-12-10,บึงกุ่ม,7,6.905157175996498
2022-12-10,พญาไท,2,9.669720528332448
2022-12-10,ราชเทวี,6,11.930654308610013
2022-12-10,วังทองหลาง,5,7.36580518179462
2022-12-10,สายไหม,6,8.000409623181529
2022-12-11,ดุสิต,1,6.5756592885119876
2022-12-11,บางซื่อ,1,9.781131756958628
2022-12-11,บางเขน,3,14.270211014422927
2022-12-11,ประเวศ,7,13.593293651319097
2022-12-11,ราษฎร์บูรณะ,3,5.673347674288684
2022-12-11,ลาดกระบัง,3,12.04331572194523
2022-12-11,สาทร,2,7.282466214700429
2022-12-12,คลองสาน,2,5.612853159786718
2022-12-12,ดินแดง,4,10.109797844569403
2022-12-12,ตลิ่งชัน,2,7.045848568286859
2022-12-12,ทวีวัฒนา,5,5.663653405359482
2022-12-12,ธนบุรี,2,6.90303849998142
2022-12-12,บางกะปิ,7,12.882469560381697
2022-12-12,พระโขนง,2,6.858535674180364
2022-12-12,ยานนาวา,2,6.883087715278843
2022-12-12,ลาดกระบัง,11,11.777143856214531
2022-12-12,วังทองหลาง,1,6.960114212382723
2022-12-12,สาทร,1,6.990440849704521
2022-12-13,ดอนเมือง,7,6.169819226955107
2022-12-13,ทวีวัฒนา,3,5.918572426929242
2022-12-13,ทุ่งครุ,4,5.526381212360483
2022-12-13,บางบอน,12,5.612853159786718
2022-12-13,ปทุมวัน,7,13.060255978736276
2022-12-13,วังทองหลาง,4,6.868838173077785
2022-12-13,สวนหลวง,11,10.988726506092535
2022-12-13,สายไหม,4,7.166267711071534
2022-12-14,คลองเตย,39,14.28317151859812
2022-12-14,ดอนเมือง,4,6.996798304963479
2022-12-14,ดุสิต,1,5.721891655865956
2022-12-14,ทวีวัฒนา,2,5.663653405359482
2022-12-14,บางกอกใหญ่,4,5.430613201209549
2022-12-14,บางซื่อ,4,9.297209472388467
2022-12-14,บึงกุ่ม,5,6.513608037728022
2022-12-14,ปทุมวัน,23,13.134143938985563
2022-12-14,พญาไท,9,9.427466929569919
2022-12-14,ภาษีเจริญ,7,7.047489164384997
2022-12-14,ราษฎร์บูรณะ,29,8.227336665097
2022-12-14,วัฒนา,17,17.516267630167096
2022-12-14,สวนหลวง,7,12.502913479732529
2022-12-14,สายไหม,3,6.915119013952092
2022-12-14,หนองจอก,3,7.2969972654063
2022-12-15,คลองสาน,2,6.384012152430925
2022-12-15,ดินแดง,5,11.15243537063704
2022-12-15,ราษฎร์บูรณะ,5,17.73136814094574
2022-12-15,หนองจอก,9,6.990440849704521
2022-12-15,หนองแขม,3,5.596720855792981
2022-12-16,คลองสามวา,2,7.817319522486137
2022-12-16,คลองเตย,12,30.99263046927524
2022-12-16,จอมทอง,13,10.105803868389721
2022-12-16,ธนบุรี,4,8.016195800523107
2022-12-16,บางซื่อ,3,10.340659465510132
2022-12-16,บึงกุ่ม,2,7.322539113945149
2022-12-16,ปทุมวัน,20,13.076607367738106
2022-12-16,พญาไท,8,7.199613228269459
2022-12-16,ลาดกระบัง,15,13.427658404448781
2022-12-16,ลาดพร้าว,5,7.098110838331708
2022-12-16,วัฒนา,13,13.809086074404561
2022-12-16,สะพานสูง,4,6.482998609502175
2022-12-16,หลักสี่,6,7.462425182537946
2022-12-17,คลองเตย,8,14.429544365820288
2022-12-17,คันนายาว,4,5.603961658912672
2022-12-17,บางเขน,6,11.614291999247062
2022-12-17,บางแค,19,16.89509863826016
2022-12-17,พญาไท,2,8.28024285578302
2022-12-17,สาทร,2,6.991317917612281
2022-12-18,จตุจักร,12,17.493933602580253
2022-12-18,ดอนเมือง,3,6.158196169884965
2022-12-18,บางคอแหลม,4,6.299637921139698
2022-12-18,บางบอน,4,5.514758155290341
2022-12-18,บางแค,7,17.561745022103988
2022-12-18,ปทุมวัน,10,13.043255690449712
2022-12-18,พระโขนง,8,7.640344237362351
2022-12-18,ราชเทวี,5,15.17582392189422
2022-12-18,สายไหม,2,6.823758431056412
2022-12-19,คลองสาน,6,5.812364462774142
2022-12-19,คันนายาว,15,5.612853159786718
2022-12-19,ธนบุรี,9,7.062359411081232
2022-12-19,บางซื่อ,6,9.782651600400216
2022-12-19,บางพลัด,10,7.977532285941768
2022-12-19,บางรัก,6,9.578033050685942
2022-12-19,บางเขน,35,12.34703209992578
2022-12-19,พระนคร,10,7.271793890544205
2022-12-19,ลาดพร้าว,5,6.777331555942034
2022-12-19,สวนหลวง,6,10.898754463881026
2022-12-19,หนองจอก,1,9.324625620313281
2022-12-20,คันนายาว,1,11.86000174539354
2022-12-20,ดอนเมือง,3,6.102886677388605
2022-12-20,ตลิ่งชัน,1,6.9545725289819185
2022-12-20,ทุ่งครุ,3,5.526381212360483
2022-12-20,บางขุนเทียน,9,11.178714103117617
2022-12-20,บางรัก,5,10.584444600967784
2022-12-20,ปทุมวัน,9,17.12835527182575
2022-12-20,มีนบุรี,5,6.990440849704521
2022-12-20,ลาดพร้าว,2,7.083887971643813
2022-12-20,สะพานสูง,3,6.468503550511613
2022-12-20,หนองจอก,3,6.9545725289819185
2022-12-20,หลักสี่,2,6.734495268462018
2022-12-21,คลองสามวา,4,6.990440849704521
2022-12-21,คลองเตย,9,17.327466722432508
2022-12-21,คันนายาว,8,5.422468019843008
2022-12-21,จตุจักร,13,19.722384323638256
2022-12-21,ดอนเมือง,7,6.169819226955107
2022-12-21,ดินแดง,4,11.39958250828891
2022-12-21,บางกอกน้อย,7,7.526605232212569
2022-12-21,บางรัก,13,9.97623077919049
2022-12-21,ป้อมปราบศัตรูพ่าย,4,7.000853369856226
2022-12-21,สายไหม,9,6.859711295369754
2022-12-22,บางขุนเทียน,6,11.64619412891383
2022-12-22,บางแค,9,14.207190339885704
2022-12-22,ป้อมปราบศัตรูพ่าย,5,7.000853369856226
2022-12-22,ภาษีเจริญ,2,7.737731868699162
2022-12-22,สะพานสูง,2,6.413095831929276
2022-12-22,สัมพันธวงศ์,1,5.397366129787354
2022-12-22,สาทร,8,7.2969972654063
2022-12-22,สายไหม,6,9.210894206868419
2022-12-23,คลองสาน,2,5.818094587646795
2022-12-23,จตุจักร,11,20.2039152066804
2022-12-23,ตลิ่งชัน,3,7.782992229642824
2022-12-23,บางกอกใหญ่,1,5.722326576495861
2022-12-23,บางเขน,13,11.437016988680567
2022-12-23,บางแค,8,14.214328159975707
2022-12-23,ยานนาวา,1,6.949435478074162
2022-12-23,ราษฎร์บูรณะ,3,5.63312653133128
2022-12-23,ลาดกระบัง,9,13.24735167091745
2022-12-23,วัฒนา,17,14.400209359767786
2022-12-23,สะพานสูง,2,6.362199369232625
2022-12-23,สาทร,2,8.074324436768851
2022-12-24,จตุจักร,13,16.23055414329097
2022-12-24,ตลิ่งชัน,3,7.052675076221783
2022-12-24,ทุ่งครุ,3,5.569634366069359
2022-12-24,บางกอกน้อย,1,7.241563843905671
2022-12-24,บางบอน,2,5.569634366069359
2022-12-24,บางเขน,8,14.714102158877221
2022-12-24,ราชเทวี,5,11.681678023514634
2022-12-24,ลาดพร้าว,6,6.835157370311419
2022-12-24,สะพานสูง,3,6.4041505686922235
2022-12-24,หนองจอก,2,6.9928589454915695
2022-12-24,ห้วยขวาง,4,11.363265418275128
2022-12-25,คลองสาน,6,6.35672575524085
2022-12-25,คลองสามวา,4,6.8017635232829665
2022-12-25,ดุสิต,3,5.630393100361177
2022-12-25,ตลิ่งชัน,5,7.00357488399433
2022-12-25,ทุ่งครุ,1,5.497011114543502
2022-12-25,บางบอน,6,5.465946885699603
2022-12-25,บางเขน,6,11.485194207836019
2022-12-25,บางแค,3,15.180002577016202
2022-12-25,พญาไท,3,8.105034288975213
2022-12-25,ราษฎร์บูรณะ,2,5.598046067117146
2022-12-25,ลาดพร้าว,2,7.5247752180422935
2022-12-25,สายไหม,2,6.774947161465674
2022-12-25,หนองจอก,3,6.905676715800441
2022-12-26,ดอนเมือง,2,6.947987035372741
2022-12-26,บางกอกน้อย,6,7.2833684263363185
2022-12-26,บางกอกใหญ่,3,5.667785182032469
2022-12-26,บางรัก,13,9.39331156178997
2022-12-26,มีนบุรี,3,9.997434481927291
2022-12-26,ราษฎร์บูรณะ,2,5.523197176761051
2022-12-26,หนองจอก,2,6.9416295801137835
2022-12-27,คลองเตย,14,24.76656547789272
2022-12-27,ดินแดง,8,10.294927293763507
2022-12-27,ปทุมวัน,10,28.213281640035802
2022-12-27,ประเวศ,16,14.753720685181122
2022-12-28,ดินแดง,4,11.114819717184215
2022-12-28,ธนบุรี,6,8.100439356319404
2022-12-28,บางกอกใหญ่,3,5.412866160462709
2022-12-28,บึงกุ่ม,4,7.260362044341872
2022-12-28,ประเวศ,6,16.580564729870535
2022-12-28,พญาไท,3,7.332339829003432
2022-12-28,พระนคร,6,7.467010377740583
2022-12-28,ยานนาวา,3,6.92074839311434
2022-12-28,ลาดพร้าว,8,7.695227433628212
2022-12-28,สาทร,6,7.248185995815563
2022-12-28,สายไหม,3,6.810900025779017
2022-12-28,หนองแขม,5,5.583777906924845
2022-12-29,คลองสามวา,3,6.9416295801137835
2022-12-29,คันนายาว,4,5.508634171613643
2022-12-29,จตุจักร,10,19.903245888019466
2022-12-29,ทวีวัฒนา,1,5.614842135768744
2022-12-29,บางขุนเทียน,2,11.843660858101225
2022-12-29,บางนา,3,7.0789193226677325
2022-12-29,บางพลัด,2,7.067489640604504
2022-12-29,บางรัก,5,9.26663562583262
2022-12-29,บึงกุ่ม,2,6.520204486719619
2022-12-29,พญาไท,7,7.025783413301653
2022-12-29,พระโขนง,6,6.9010004438945645
2022-12-29,มีนบุรี,8,6.997037298696119
2022-12-29,ยานนาวา,5,6.865340674532004
2022-12-29,สวนหลวง,11,12.04657180214568
2022-12-29,สะพานสูง,5,7.1946381360232206
2022-12-29,หนองจอก,5,7.248185995815563
2022-12-29,หลักสี่,3,7.379021457590862
2022-12-30,ดินแดง,9,9.542207797215015
2022-12-30,ทวีวัฒนา,1,5.514729362066381
2022-12-30,บางขุนเทียน,9,10.796517220597348
2022-12-30,บางคอแหลม,3,6.479113213003863
2022-12-30,ราชเทวี,4,11.805801278018865
2022-12-30,หนองจอก,1,7.262408862503458
2022-12-30,หลักสี่,2,6.699887107083674
2022-12-30,ห้วยขวาง,4,9.828985566929212
2022-12-31,จตุจักร,15,15.296871522860508
2022-12-31,บางกอกใหญ่,3,5.490446607014898
2022-12-31,บางนา,2,7.321639358539308
2022-12-31,บางแค,5,16.678510593248486
2022-12-31,ป้อมปราบศัตรูพ่าย,2,6.957327580321123
2022-12-31,พระนคร,1,7.312423199981714
2022-12-31,ภาษีเจริญ,5,7.095239414154834
2022-12-31,ยานนาวา,2,6.8710218343184675
2022-12-31,ราชเทวี,2,10.54227081620316
2022-12-31,ลาดกระบัง,1,11.280383525539868
2022-12-31,ลาดพร้าว,3,6.7652656749816575
2023-01-01,จตุจักร,6,16.185816095057593
2023-01-01,ดินแดง,3,10.11869012455289
2023-01-01,ดุสิต,3,4.977004417580835
2023-01-01,บางซื่อ,8,7.038327238703426
2023-01-01,บางพลัด,1,6.337498755248339
2023-01-01,บางรัก,3,7.489423190244582
2023-01-01,ประเวศ,7,10.431048185557701
2023-01-01,พระนคร,2,6.197573719380488
2023-01-01,ราชเทวี,6,8.220569625077411
2023-01-02,ทุ่งครุ,2,5.042370770565914
2023-01-02,ธนบุรี,7,6.4903462248513195
2023-01-02,บางกอกน้อย,4,6.384671532498639
2023-01-02,บางคอแหลม,5,5.3280101423466135
2023-01-02,บางรัก,5,8.355026274810253
2023-01-02,บางแค,5,12.25654228601999
2023-01-02,พระนคร,5,6.339606495456976
2023-01-02,ลาดพร้าว,3,6.549569318491867
2023-01-02,วังทองหลาง,6,6.355350412464154
2023-01-02,วัฒนา,5,11.912387533616382
2023-01-02,หลักสี่,5,5.757895174220032
2023-01-03,ดุสิต,5,5.192737825204027
2023-01-03,ทุ่งครุ,4,4.976017561729487
2023-01-03,บางซื่อ,9,7.282454021243228
2023-01-03,ปทุมวัน,3,13.112568681670572
2023-01-03,ลาดพร้าว,5,6.067207152447136
2023-01-04,คลองสาน,5,4.910823027515336
2023-01-04,จตุจักร,20,18.712079302832457
2023-01-04,จอมทอง,5,5.977007329396501
2023-01-04,ดินแดง,17,10.035331857265149
2023-01-04,บางพลัด,11,8.54432380287994
2023-01-04,บางเขน,13,10.484905007538327
2023-01-04,ป้อมปราบศัตรูพ่าย,4,8.708799618155213
2023-01-04,ภาษีเจริญ,5,6.72971366094982
2023-01-04,ราชเทวี,13,9.973775287053112
2023-01-04,สัมพันธวงศ์,2,4.914885796315332
2023-01-04,หนองแขม,6,5.044582239948284
2023-01-05,จอมทอง,5,6.001106401099445
2023-01-05,ดอนเมือง,10,5.6640067963089455
2023-01-05,ตลิ่งชัน,8,6.810654120127332
2023-01-05,ทวีวัฒนา,4,5.297752878082843
2023-01-05,บางซื่อ,14,10.117909997645604
2023-01-05,บางเขน,11,11.705902983578445
2023-01-05,ภาษีเจริญ,12,6.432119705056539
2023-01-05,ลาดกระบัง,13,12.906642028380508
2023-01-05,วังทองหลาง,5,6.506326252439121
2023-01-05,หนองแขม,6,5.783270720141801
2023-01-06,คันนายาว,1,5.424276246275602
2023-01-06,จตุจักร,22,20.436996905478445
2023-01-06,ตลิ่งชัน,10,6.880745729864766
2023-01-06,บางกะปิ,6,10.631546377935075
2023-01-06,บางพลัด,5,6.979456043393576
2023-01-06,บางเขน,12,10.590403457044076
2023-01-06,ลาดกระบัง,14,12.273795741476636
2023-01-06,วัฒนา,13,12.186145262612753
2023-01-06,สัมพันธวงศ์,1,4.432084772732209
2023-01-06,หนองจอก,9,6.355133532140114
2023-01-07,คลองสาน,1,4.853578857801156
2023-01-07,จตุจักร,44,19.044831729301656
2023-01-07,ดุสิต,2,4.879735035474793
2023-01-07,บางขุนเทียน,5,13.051277531690513
2023-01-07,ปทุมวัน,19,11.8542027501448
2023-01-07,ป้อมปราบศัตรูพ่าย,9,6.571531901842493
2023-01-07,มีนบุรี,6,9.86225342068408
2023-01-07,ยานนาวา,4,7.493061369372566
2023-01-08,คันนายาว,3,17.61322871529722
2023-01-08,ดอนเมือง,6,5.773853323271882
2023-01-08,บางคอแหลม,5,4.989103503996956
2023-01-08,บางแค,13,28.453196276893085
2023-01-08,ภาษีเจริญ,3,5.945007963363448
2023-01-08,มีนบุรี,19,6.393265977546229
2023-01-08,หนองแขม,3,5.749760766872359
2023-01-09,คลองสาน,4,5.082128575736824
2023-01-09,จตุจักร,19,20.609203797166572
2023-01-09,ดุสิต,6,10.397257175486676
2023-01-09,ตลิ่งชัน,7,9.53686792567384
2023-01-09,ธนบุรี,9,6.070682727295148
2023-01-09,บางกอกใหญ่,1,4.629973463076703
2023-01-09,บางเขน,12,9.610441056997676
2023-01-09,ภาษีเจริญ,11,5.9564189084100825
2023-01-09,มีนบุรี,13,12.344393355051603
2023-01-09,ลาดพร้าว,8,10.40448625830323
2023-01-09,วัฒนา,21,16.42151514937957
2023-01-09,สวนหลวง,9,10.719876195920758
2023-01-09,สายไหม,7,6.496838239409115
2023-01-10,คันนายาว,7,5.444128203803675
2023-01-10,ดินแดง,28,10.180141149063674
2023-01-10,ปทุมวัน,10,12.415693455543408
2023-01-10,พระโขนง,6,5.949838819196044
2023-01-10,ยานนาวา,5,5.784852039201623
2023-01-10,ลาดกระบัง,19,10.589924602817113
2023-01-10,วังทองหลาง,10,6.45129042931512
2023-01-10,หนองจอก,16,5.8161457463527695
2023-01-10,หลักสี่,3,6.2662362758895
2023-01-11,คลองสาน,4,4.9470587364903285
2023-01-11,ดอนเมือง,4,7.818898771994077
2023-01-11,ดินแดง,15,18.440001431683122
2023-01-11,ทุ่งครุ,4,5.255478678287764
2023-01-11,บางกอกน้อย,10,9.860727621281042
2023-01-11,บางบอน,6,5.331744475749215
2023-01-11,บางพลัด,6,6.689758766961917
2023-01-11,ประเวศ,16,13.81648093437443
2023-01-11,พญาไท,5,9.553086145434646
2023-01-11,ยานนาวา,6,6.0880565002649325
2023-01-11,ลาดพร้าว,5,9.98309990453431
2023-01-11,วัฒนา,25,15.274054311556487
2023-01-11,สะพานสูง,19,6.716688937088064
2023-01-11,หลักสี่,6,5.701461942834028
2023-01-12,จอมทอง,6,5.920255591961229
2023-01-12,ดุสิต,3,5.0907074604702895
2023-01-12,ตลิ่งชัน,9,8.173207859521733
2023-01-12,บางขุนเทียน,5,9.084361773701849
2023-01-12,บางรัก,13,17.403962124810505
2023-01-12,บึงกุ่ม,4,6.0901358426781345
2023-01-12,ปทุมวัน,16,15.587933979498718
2023-01-12,พระนคร,12,6.532648645869901
2023-01-12,วังทองหลาง,10,6.632595217281024
2023-01-12,สายไหม,8,5.920146551260242
2023-01-12,หนองแขม,5,5.463295934733814
2023-01-12,ห้วยขวาง,10,12.030892155906677
2023-01-13,จอมทอง,10,5.851403004935575
2023-01-13,ดอนเมือง,5,5.224564985656043
2023-01-13,ทวีวัฒนา,4,5.563641419158663
2023-01-13,บางซื่อ,7,7.9457934017060605
2023-01-13,บางบอน,6,4.974646779379543
2023-01-13,บางรัก,20,11.517139714347246
2023-01-13,ประเวศ,11,13.81900974936372
2023-01-13,พญาไท,14,8.339370403444235
2023-01-13,วัฒนา,4,14.70849172061114
2023-01-14,คลองเตย,9,18.60990861690178
2023-01-14,ทวีวัฒนา,2,5.131477494404747
2023-01-14,บางซื่อ,7,7.954651833326254
2023-01-14,ปทุมวัน,18,13.101106232340689
2023-01-14,ประเวศ,18,13.41132468013752
2023-01-14,พระโขนง,5,9.301774228697296
2023-01-14,ราษฎร์บูรณะ,1,4.746895780665179
2023-01-14,สะพานสูง,7,7.692807124776548
2023-01-14,หนองจอก,4,5.834409215175273
2023-01-15,ทวีวัฒนา,2,4.84905999378612
2023-01-15,บางกอกใหญ่,2,4.6470840184800855
2023-01-15,บางคอแหลม,9,5.051170217623167
2023-01-15,ประเวศ,14,17.271728226751403
2023-01-15,มีนบุรี,10,6.9022005035825895
2023-01-15,สาทร,5,6.210257570113331
2023-01-15,หนองแขม,3,5.743649540758514
2023-01-16,จอมทอง,8,7.761531946809091
2023-01-16,ดินแดง,7,9.827224362735823
2023-01-16,ตลิ่งชัน,13,8.32280481554784
2023-01-16,บางกอกน้อย,13,8.898625574207736
2023-01-16,พระนคร,11,7.33208816985672
2023-01-16,พระโขนง,11,5.62809127390341
2023-01-16,ราษฎร์บูรณะ,5,5.743587157858386
2023-01-16,วังทองหลาง,7,5.8920161782067675
2023-01-16,ห้วยขวาง,10,9.352643479587638
2023-01-17,คลองสามวา,6,6.643957236456258
2023-01-17,ดุสิต,3,5.708202035692423
2023-01-17,ทุ่งครุ,2,7.320426128267914
2023-01-17,บางกอกใหญ่,4,5.204018175165887
2023-01-17,บึงกุ่ม,6,7.986083228526008
2023-01-17,ประเวศ,16,20.850912482052824
2023-01-17,ป้อมปราบศัตรูพ่าย,3,7.0442699193433125
2023-01-17,พญาไท,8,6.893788995431294
2023-01-17,พระนคร,7,9.698117436107964
2023-01-17,ภาษีเจริญ,3,5.8971076696703655
2023-01-17,ราษฎร์บูรณะ,1,5.372964668585974
2023-01-17,ลาดกระบัง,10,14.953176144356949
2023-01-18,คลองสามวา,5,6.643957236456258
2023-01-18,บางกะปิ,8,10.545698705344096
2023-01-18,บางคอแหลม,7,5.9170678327394555
2023-01-18,บางบอน,2,4.709278324196697
2023-01-18,ราษฎร์บูรณะ,2,4.678543613948376
2023-01-18,วัฒนา,6,12.284981485436697
2023-01-18,หนองแขม,5,7.833304708357636
2023-01-19,คลองสามวา,4,6.453827260576469
2023-01-19,ทุ่งครุ,14,4.713634312698766
2023-01-19,ธนบุรี,9,6.752509264200343
2023-01-19,บางคอแหลม,4,5.9170678327394555
2023-01-19,บางซื่อ,6,10.830449478986099
2023-01-19,บางพลัด,1,6.607297260395372
2023-01-19,ยานนาวา,4,5.598989176106946
2023-01-19,ราชเทวี,5,12.089803237517367
2023-01-19,สายไหม,3,5.71448809983677
2023-01-19,ห้วยขวาง,17,9.824038503454224
2023-01-20,คลองสาน,6,4.9878668801467905
2023-01-20,ดอนเมือง,6,5.0376343256453975
2023-01-20,ตลิ่งชัน,8,6.051444137895128
2023-01-20,ธนบุรี,5,8.298653861520505
2023-01-20,บางกะปิ,11,12.855098462617756
2023-01-20,บางคอแหลม,3,5.1990483061724735
2023-01-20,บึงกุ่ม,1,5.792055746757303
2023-01-20,ป้อมปราบศัตรูพ่าย,2,5.964231937180188
2023-01-20,มีนบุรี,5,6.699664489898156
2023-01-20,ยานนาวา,2,5.604136964714379
2023-01-20,ราชเทวี,8,9.767687159296536
2023-01-20,ราษฎร์บูรณะ,3,4.763678049170577
2023-01-20,ลาดกระบัง,16,10.078511326129938
2023-01-20,สวนหลวง,8,10.596097528789741
2023-01-20,หนองแขม,6,5.102157917575225
2023-01-21,คลองสาน,4,5.393496089730156
2023-01-21,จตุจักร,13,18.779724587941708
2023-01-21,จอมทอง,5,5.698601669363439
2023-01-21,ดอนเมือง,2,5.540148728830202
2023-01-21,บางบอน,2,4.800804669916643
2023-01-21,บางแค,9,14.977596649719228
2023-01-21,ปทุมวัน,9,11.378433446756082
2023-01-21,ประเวศ,9,13.288621797487465
2023-01-21,พระโขนง,7,6.02005935404802
2023-01-21,ลาดกระบัง,9,12.711674449309928
2023-01-21,ลาดพร้าว,4,6.32795371249812
2023-01-21,วัฒนา,19,15.015788880803635
2023-01-22,คลองสามวา,9,5.751284343340986
2023-01-22,ตลิ่งชัน,16,11.473061731355369
2023-01-22,บางกอกใหญ่,6,4.5111389016063095
2023-01-22,บางกะปิ,12,11.69068736593476
2023-01-22,บางซื่อ,5,7.670148991268734
2023-01-22,บางพลี,1,6.421718192864715
2023-01-22,ป้อมปราบศัตรูพ่าย,5,8.790199985003257
2023-01-22,พญาไท,5,9.072638745927076
2023-01-22,ภาษีเจริญ,16,5.681082836012097
2023-01-22,มีนบุรี,1,6.56179291044604
2023-01-22,ยานนาวา,2,5.938632502960674
2023-01-22,วังทองหลาง,3,6.947102733131291
2023-01-22,สะพานสูง,5,8.241883356574002
2023-01-23,คันนายาว,4,4.813776337569886
2023-01-23,จอมทอง,4,5.988041377455843
2023-01-23,บางขุนเทียน,12,8.964851388766657
2023-01-23,บึงกุ่ม,5,5.4843965454678
2023-01-23,ปทุมวัน,18,11.554970821306501
2023-01-23,ป้อมปราบศัตรูพ่าย,7,6.388383336812163
2023-01-23,ลาดกระบัง,8,10.259285853509443
2023-01-23,สะพานสูง,5,6.103320047178291
2023-01-23,สัมพันธวงศ์,2,5.535870671989653
2023-01-23,หนองแขม,1,5.509008303880089
2023-01-24,ดอนเมือง,4,5.10666660107759
2023-01-24,ดินแดง,13,9.905644049307737
2023-01-24,บางคอแหลม,3,5.268080581604666
2023-01-24,บางเขน,11,11.028513991089905
2023-01-24,ประเวศ,16,15.49383241139851
2023-01-24,ป้อมปราบศัตรูพ่าย,7,6.928882919633873
2023-01-24,พญาไท,7,6.272331917011309
2023-01-24,พระนคร,7,6.418224176253156
2023-01-24,พระโขนง,2,5.721243427831465
2023-01-24,ลาดกระบัง,10,10.525979593279011
2023-01-24,วังทองหลาง,7,10.148617227011602
2023-01-24,สวนหลวง,12,10.673036016220351
2023-01-24,สัมพันธวงศ์,1,4.565592280161864
2023-01-24,หนองแขม,8,4.85750252454497
2023-01-25,คลองสาน,4,4.68726411855597
2023-01-25,บางซื่อ,7,8.600419617174405
2023-01-25,บางนา,11,6.271353378160326
2023-01-25,บางรัก,9,13.33356492826393
2023-01-25,ปทุมวัน,24,14.62416210825854
2023-01-25,ประเวศ,14,15.824212628996284
2023-01-25,ราษฎร์บูรณะ,23,4.934640029174482
2023-01-25,ลาดพร้าว,2,6.614270311414783
2023-01-25,วัฒนา,8,11.336053003357081
2023-01-25,หนองจอก,4,8.91742664598915
2023-01-25,ห้วยขวาง,8,12.786908123393157
2023-01-26,คลองสาน,2,4.98218380056868
2023-01-26,คลองเตย,16,16.919422562000968
2023-01-26,จอมทอง,3,5.484694335569177
2023-01-26,ธนบุรี,7,6.97562889939275
2023-01-26,บางกะปิ,14,11.073359778393183
2023-01-26,บางขุนเทียน,4,9.109024419770428
2023-01-26,บางคอแหลม,6,5.038028079569115
2023-01-26,บางซื่อ,6,8.722933646227693
2023-01-26,บางพลัด,5,6.499502641006499
2023-01-26,บางแค,5,15.47325585311037
2023-01-26,บึงกุ่ม,9,6.423176985975667
2023-01-26,ราชเทวี,11,14.145564556977096
2023-01-26,ลาดพร้าว,1,5.876593453787037
2023-01-26,วังทองหลาง,3,6.429365423703084
2023-01-26,สาทร,7,8.88522424882915
2023-01-27,คลองสาน,5,4.666037730028039
2023-01-27,คันนายาว,4,6.240073520396802
2023-01-27,จตุจักร,15,15.889849211647455
2023-01-27,จอมทอง,2,5.3398769551796725
2023-01-27,ดินแดง,8,12.453666614397939
2023-01-27,บางเขน,8,9.948486200928599
2023-01-27,ราชเทวี,12,11.030923829796972
2023-01-27,ลาดพร้าว,7,5.69590775267493
2023-01-27,วังทองหลาง,6,5.970617451337718
2023-01-27,สาทร,18,6.814109700673266
2023-01-27,ห้วยขวาง,11,10.558577817733312
2023-01-28,คลองเตย,7,11.867690970518712
2023-01-28,จอมทอง,4,5.271393045343957
2023-01-28,ทุ่งครุ,1,4.7707447433094305
2023-01-28,ธนบุรี,8,8.449324769188133
2023-01-28,บางซื่อ,2,7.215906383956153
2023-01-28,บางรัก,7,11.875007560799933
2023-01-28,ปทุมวัน,5,16.55784997067397
2023-01-28,ประเวศ,20,24.26101217753695
2023-01-28,ภาษีเจริญ,8,5.698822982113258
2023-01-28,มีนบุรี,8,9.559597296033509
2023-01-28,ลาดพร้าว,12,6.702403765416404
2023-01-28,วังทองหลาง,3,6.531662993471528
2023-01-29,คลองสาน,4,4.7690527607267486
2023-01-29,คลองสามวา,6,5.890340079271723
2023-01-29,จตุจักร,25,18.774403664806165
2023-01-29,ดุสิต,7,8.030187807754945
2023-01-29,ทวีวัฒนา,5,10.191616446482524
2023-01-29,บางรัก,7,9.24498139954812
2023-01-29,บางเขน,6,8.44546998718913
2023-01-29,พระนคร,5,7.749527920075829
2023-01-29,สวนหลวง,3,9.811238113524668
2023-01-29,สะพานสูง,5,6.58716843240677
2023-01-29,หนองแขม,1,4.842006096482948
2023-01-30,ดุสิต,7,5.925432854805786
2023-01-30,บางคอแหลม,2,5.590131576066188
2023-01-30,บางเขน,8,10.02917004163736
2023-01-30,ป้อมปราบศัตรูพ่าย,2,8.742751382498184
2023-01-30,พระนคร,3,6.926373432956034
2023-01-31,บางรัก,9,10.108694394594867
2023-01-31,บึงกุ่ม,4,5.370692989273857
2023-01-31,ป้อมปราบศัตรูพ่าย,5,5.951388599298351
2023-01-31,พญาไท,6,7.121263182422905
2023-01-31,มีนบุรี,17,6.6027653798994965
2023-01-31,ลาดพร้าว,3,6.114489221953968
2023-01-31,หนองจอก,6,5.60598113980952
2023-01-31,หลักสี่,5,5.657070167348114
2023-02-01,คลองสาน,3,4.760963783791237
2023-02-01,จตุจักร,14,18.84472666055603
2023-02-01,บางซื่อ,7,10.496740792047527
2023-02-01,บางบอน,4,5.612979767599343
2023-02-01,บางพลัด,8,7.171789136040944
2023-02-01,พระนคร,5,7.500864644670109
2023-02-01,ราชเทวี,8,14.091891709232659
2023-02-01,วังทองหลาง,7,5.882957303053113
2023-02-01,สะพานสูง,6,6.461908961181517
2023-02-01,สายไหม,9,6.181669066911028
2023-02-02,คลองสาน,4,4.967205905874148
2023-02-02,คันนายาว,3,4.752731328827332
2023-02-02,ตลิ่งชัน,8,10.560578381914164
2023-02-02,ทวีวัฒนา,14,5.008737856015259
2023-02-02,บางกอกใหญ่,2,4.70196956536223
2023-02-02,บางขุนเทียน,11,9.546595591481553
2023-02-02,ราษฎร์บูรณะ,21,4.822501440155099
2023-02-02,ลาดกระบัง,13,10.8745245625742
2023-02-02,ลาดพร้าว,4,6.652966429040992
2023-02-02,สวนหลวง,10,10.428126156610874
2023-02-02,หนองแขม,9,5.832735566478865
2023-02-02,หลักสี่,4,6.370736945350565
2023-02-03,คลองสามวา,3,6.553365921480845
2023-02-03,จอมทอง,6,5.431969500424026
2023-02-03,ดอนเมือง,2,5.724009188896153
2023-02-03,ทวีวัฒนา,1,9.363185070670172
2023-02-03,ธนบุรี,11,6.14922749174387
2023-02-03,บางกอกน้อย,9,8.611769679867084
2023-02-03,บางบอน,6,5.372885703420365
2023-02-03,บางเขน,9,9.488242142797597
2023-02-03,บางแค,14,14.646390842957349
2023-02-03,ป้อมปราบศัตรูพ่าย,10,6.295236386661333
2023-02-03,พญาไท,9,7.9890774085884235
2023-02-03,พระนคร,6,7.120698160663221
2023-02-03,ยานนาวา,6,6.464732263835161
2023-02-03,ราชเทวี,20,13.487985337394239
2023-02-03,ลาดพร้าว,2,6.014872847450828
2023-02-04,คลองสาน,3,4.960055710878891
2023-02-04,คลองเตย,16,28.34612931379224
2023-02-04,คันนายาว,5,5.187974194754197
2023-02-04,จตุจักร,18,18.08091178543482
2023-02-04,จอมทอง,1,5.950031545835541
2023-02-04,ดอนเมือง,6,4.941870284545232
2023-02-04,ดินแดง,5,8.63165655503915
2023-02-04,ดุสิต,2,5.1245409961792845
2023-02-04,ทวีวัฒนา,5,4.837093738338734
2023-02-04,บางกอกน้อย,5,8.18520922519481
2023-02-04,สาทร,3,5.845485808893548
2023-02-04,หนองจอก,2,6.134896286926444
2023-02-05,ดินแดง,11,8.439551920691414
2023-02-05,ทุ่งครุ,6,5.409565706740238
2023-02-05,บางกะปิ,7,8.941565725186388
2023-02-05,บางขุนเทียน,5,9.382399297456095
2023-02-05,บางนา,4,14.50317162294834
2023-02-05,บางพลัด,2,6.69424722018064
2023-02-05,บางรัก,3,7.843906738643914
2023-02-05,ลาดกระบัง,23,9.593840633273906
2023-02-05,สาทร,2,5.816240527314118
2023-02-06,ดุสิต,7,5.813336353174117
2023-02-06,ธนบุรี,3,7.334867238280654
2023-02-06,บางกะปิ,9,10.32020894290483
2023-02-06,บางขุนเทียน,7,9.577196189536778
2023-02-06,บางบอน,2,4.87075488019765
2023-02-06,บางเขน,7,9.552473594805582
2023-02-06,บางแค,8,15.2488924862277
2023-02-06,พระโขนง,1,5.9014775317709205
2023-02-06,ราชเทวี,12,10.69848663321114
2023-02-06,ลาดกระบัง,11,16.001908855827217
2023-02-06,ลาดพร้าว,4,6.117230003420101
2023-02-06,สัมพันธวงศ์,6,4.750439879486827
2023-02-06,หนองจอก,5,5.649745188192062
2023-02-06,ห้วยขวาง,7,9.195193390079272
2023-02-07,คลองสามวา,2,6.45129042931512
2023-02-07,ดอนเมือง,6,5.374909228847068
2023-02-07,บางกอกน้อย,6,6.7356263008919
2023-02-07,บางกะปิ,22,10.810298677738414
2023-02-07,บางรัก,23,9.76267108928533
2023-02-07,ประเวศ,15,15.834394076881162
2023-02-07,ป้อมปราบศัตรูพ่าย,13,6.746501871652185
2023-02-07,ราษฎร์บูรณะ,4,4.892500376156581
2023-02-07,สวนหลวง,7,10.379127978940291
2023-02-08,คลองเตย,8,14.412129139393903
2023-02-08,คันนายาว,14,5.228644132194883
2023-02-08,จตุจักร,35,19.28557474626131
2023-02-08,บางขุนเทียน,6,9.843416743200372
2023-02-08,บางพลัด,3,10.200565026684473
2023-02-08,บางรัก,17,15.238690182245929
2023-02-08,ลาดพร้าว,5,6.645509335342832
2023-02-09,คลองสามวา,3,6.475389501018064
2023-02-09,บางขุนเทียน,10,9.867515814903317
2023-02-09,บางคอแหลม,2,4.953194223076835
2023-02-09,บางพลัด,4,6.546396815897788
2023-02-09,บางรัก,12,12.384144424721192
2023-02-09,บางแค,20,13.03046588913529
2023-02-09,ปทุมวัน,19,16.69694672408398
2023-02-09,พระนคร,9,9.739514759693915
2023-02-09,หนองแขม,5,5.010400058517492
2023-02-10,บางกอกน้อย,4,8.580832928446029
2023-02-10,บางกะปิ,9,14.769280426068391
2023-02-10,บางนา,5,6.885055207886549
2023-02-10,ประเวศ,6,15.314859257833533
2023-02-10,วังทองหลาง,6,6.76259677772877
2023-02-10,หนองแขม,4,5.349032951633355
2023-02-11,คลองสามวา,3,6.273456193430392
2023-02-11,จตุจักร,23,18.9714078189287
2023-02-11,จอมทอง,6,5.9104736208428506
2023-02-11,ดินแดง,8,10.148213521794254
2023-02-11,ทุ่งครุ,5,5.612512498636257
2023-02-11,ธนบุรี,6,8.36968952177463
2023-02-11,บางกะปิ,11,10.150703001570939
2023-02-11,บางคอแหลม,1,5.660214895421319
2023-02-11,พระนคร,9,8.47679881049262
2023-02-11,ลาดพร้าว,5,5.982878743991278
2023-02-11,ห้วยขวาง,7,11.23311478430343
2023-02-12,ดินแดง,12,9.47945559545698
2023-02-12,บางนา,3,5.931766213206049
2023-02-12,บางรัก,2,7.864690321345586
2023-02-12,บึงกุ่ม,5,5.295162379251313
2023-02-12,ยานนาวา,2,5.3827944062933515
2023-02-12,สวนหลวง,7,9.815010012713717
2023-02-12,หนองจอก,1,5.934465119233643
2023-02-13,คลองสาน,2,4.798285676998219
2023-02-13,ดินแดง,3,11.038799767180034
2023-02-13,บางกอกน้อย,7,6.91955861984921
2023-02-13,บางนา,6,6.072498048071829
2023-02-13,บางรัก,18,8.315484349249171
2023-02-13,พระโขนง,5,5.626343465423242
2023-02-13,มีนบุรี,6,5.836372304228076
2023-02-13,ลาดพร้าว,6,5.924048102563069
2023-02-14,ตลิ่งชัน,14,8.746542585401661
2023-02-14,บางกะปิ,8,13.194494138636324
2023-02-14,บางขุนเทียน,8,9.135645225131835
2023-02-14,บางรัก,11,12.855891377915842
2023-02-14,ประเวศ,13,12.783978513076374
2023-02-14,สวนหลวง,11,10.177555527995823
2023-02-14,หนองแขม,3,5.205135118692995
2023-02-14,หลักสี่,3,5.580246675396981
2023-02-15,ทวีวัฒนา,4,5.685174320303071
2023-02-15,ธนบุรี,14,8.588796033974017
2023-02-15,บึงกุ่ม,6,5.793918438445538
2023-02-15,ประเวศ,24,14.895909053262972
2023-02-15,ราษฎร์บูรณะ,6,5.537379189645075
2023-02-15,ลาดพร้าว,3,6.564955105454729
2023-02-15,วัฒนา,11,11.338165926475968
2023-02-15,หลักสี่,4,5.651032360623785
2023-02-16,คลองสามวา,2,6.453827260576469
2023-02-16,ดอนเมือง,2,4.962897589066559
2023-02-16,ดุสิต,9,5.85845267813839
2023-02-16,บางกอกน้อย,6,7.027196809241244
2023-02-16,บางพลัด,7,9.757109104591112
2023-02-16,บางรัก,10,9.479155257489943
2023-02-16,ป้อมปราบศัตรูพ่าย,9,7.024627536247046
2023-02-16,ภาษีเจริญ,5,6.379620713193888
2023-02-16,มีนบุรี,4,6.7699015100310005
2023-02-16,ลาดกระบัง,5,10.099507766017343
2023-02-17,คันนายาว,4,5.608671908179991
2023-02-17,จอมทอง,11,5.35345426677161
2023-02-17,ตลิ่งชัน,8,8.293348981137623
2023-02-17,บางกอกใหญ่,5,4.881214343714409
2023-02-17,บางขุนเทียน,4,10.57010536564123
2023-02-17,บางรัก,10,10.020418305670239
2023-02-17,บางแค,61,15.212684027553795
2023-02-17,ยานนาวา,6,5.463931549613788
2023-02-17,ลาดพร้าว,5,6.409695919223568
2023-02-18,ดินแดง,8,12.152799422536166
2023-02-18,ธนบุรี,10,5.999634622470947
2023-02-18,บางกอกใหญ่,1,5.065802544242572
2023-02-18,บางรัก,13,9.70619003052639
2023-02-18,ลาดพร้าว,6,6.174572499665169
2023-02-18,สะพานสูง,1,5.548831349563234
2023-02-18,หนองจอก,2,6.056270798898746
2023-02-19,คลองเตย,11,16.943421721413166
2023-02-19,ทวีวัฒนา,1,4.817028069429818
2023-02-19,บางกอกน้อย,9,6.7479273550781445
2023-02-19,บางซื่อ,3,8.54614797224101
2023-02-19,ประเวศ,15,26.141459825516456
2023-02-19,ราชเทวี,5,9.903988636767966
2023-02-19,วัฒนา,12,16.02641412936864
2023-02-19,หลักสี่,12,6.08268311143768
2023-02-20,คลองสามวา,5,6.021337068025911
2023-02-20,คันนายาว,2,4.893357925861114
2023-02-20,ดินแดง,7,10.744196334304565
2023-02-20,บางกะปิ,9,10.984694923658205
2023-02-20,บางขุนเทียน,9,9.140880666644572
2023-02-20,บางรัก,5,13.17534095271948
2023-02-20,บางเขน,11,10.848194439920633
2023-02-20,บางแค,8,12.99184584513507
2023-02-20,ลาดกระบัง,16,10.352439997452407
2023-02-20,สาทร,2,10.354233865205774
2023-02-21,บางเขน,14,10.925828329445523
2023-02-21,ราชเทวี,15,10.706881190538834
2023-02-21,วัฒนา,9,13.990879099875167
2023-02-21,สาทร,3,5.951388599298351
2023-02-21,หนองแขม,7,5.8386383233741705
2023-02-22,จตุจักร,24,31.505089986837625
2023-02-22,บางกะปิ,12,13.857850526076433
2023-02-22,บางซื่อ,9,10.950048474660163
2023-02-22,บางแค,12,13.216427410356047
2023-02-22,พญาไท,8,6.618403130383361
2023-02-22,ภาษีเจริญ,4,8.572563177253688
2023-02-22,ยานนาวา,4,5.742164181007966
2023-02-22,วัฒนา,14,11.533795736989877
2023-02-22,สวนหลวง,5,11.045443244031638
2023-02-22,สะพานสูง,7,6.62035010307307
2023-02-22,หนองแขม,2,5.8386383233741705
2023-02-22,ห้วยขวาง,10,9.647535265871728
2023-02-23,คลองเตย,17,14.524024294357066
2023-02-23,จอมทอง,7,5.907155774263079
2023-02-23,ดอนเมือง,2,5.076764859819931
2023-02-23,ทวีวัฒนา,1,13.243824135843692
2023-02-23,บางกะปิ,4,11.79934100927174
2023-02-23,บางขุนเทียน,10,10.053801055613913
2023-02-23,พระนคร,17,14.056204092812678
2023-02-23,พระโขนง,4,5.691341686573805
2023-02-23,สาทร,5,5.876593453787037
2023-02-23,หนองแขม,3,4.818575699756259
2023-02-23,หลักสี่,10,6.589676420894743
2023-02-24,คลองเตย,9,15.770411133703325
2023-02-24,คันนายาว,5,4.911688401113656
2023-02-24,บางซื่อ,9,12.266846734905343
2023-02-24,บางนา,5,6.108864324993355
2023-02-24,บางพลัด,11,10.519642724891787
2023-02-24,ภาษีเจริญ,5,5.865563552924223
2023-02-24,ราชเทวี,10,12.371844835586879
2023-02-24,ราษฎร์บูรณะ,9,5.785292349702273
2023-02-24,ลาดพร้าว,4,6.8801673922449655
2023-02-24,วังทองหลาง,7,7.083876673218374
2023-02-25,ธนบุรี,8,6.540137601605112
2023-02-25,บางขุนเทียน,11,11.0489419056296
2023-02-25,บางบอน,4,4.662475562289887
2023-02-25,ปทุมวัน,10,15.201664513001456
2023-02-25,พระโขนง,6,5.7802715916496865
2023-02-25,วังทองหลาง,4,6.906113046389814
2023-02-25,สายไหม,6,5.4825491461547164
2023-02-26,บึงกุ่ม,2,5.169694751521908
2023-02-26,ประเวศ,21,19.499237485033667
2023-02-26,ลาดกระบัง,17,12.464288588053353
2023-02-26,สวนหลวง,5,9.648562730079883
2023-02-26,สะพานสูง,7,5.963974343927679
2023-02-27,คลองสามวา,10,6.388383336812163
2023-02-27,คันนายาว,2,4.907212040942989
2023-02-27,ตลิ่งชัน,13,9.95542681374739
2023-02-27,บางกอกใหญ่,2,4.77777555994596
2023-02-27,บางซื่อ,7,8.249499057392955
2023-02-27,พญาไท,5,6.828345071666988
2023-02-27,พระนคร,7,6.513123579799628
2023-02-27,มีนบุรี,5,5.818194494953648
2023-02-27,ราษฎร์บูรณะ,4,5.407315018557014
2023-02-27,สะพานสูง,3,6.431453332531841
2023-02-27,สัมพันธวงศ์,1,4.482175322533555
2023-02-27,หนองจอก,6,5.531838047157146
2023-02-27,หนองแขม,3,6.2126752417138364
2023-02-28,ดอนเมือง,2,5.608372121427839
2023-02-28,ทวีวัฒนา,3,4.8355594980850185
2023-02-28,บางกะปิ,14,13.45945355501963
2023-02-28,บางคอแหลม,2,5.780671305375364
2023-02-28,บางบอน,3,5.012085541826339
2023-02-28,บางพลัด,16,9.475583307931045
2023-02-28,บางพลี,1,6.132425158156365
2023-02-28,พระโขนง,5,6.398517839765603
2023-02-28,ราชเทวี,15,14.581263202669206
2023-02-28,สะพานสูง,15,5.6292751715422025
2023-02-28,สายไหม,5,5.927922031130317
2023-03-01,คลองสาน,2,6.060747764256069
2023-03-01,ดินแดง,13,12.4143398846772
2023-03-01,ทุ่งครุ,1,5.72118369822245
2023-03-01,ธนบุรี,7,9.373205364148307
2023-03-01,บางกะปิ,12,12.890902047665554
2023-03-01,บางคอแหลม,6,5.292542580208199
2023-03-01,บางแค,7,17.195656254689013
2023-03-01,ประเวศ,28,13.548055108078833
2023-03-01,พระโขนง,3,6.136490653450484
2023-03-01,ราชเทวี,9,12.490961911654953
2023-03-01,วังทองหลาง,9,5.945637307508223
2023-03-01,วัฒนา,16,13.29056573415022
2023-03-01,หนองจอก,5,5.453058563510309
2023-03-02,ดินแดง,3,11.54475232889806
2023-03-02,ตลิ่งชัน,9,8.605028093110183
2023-03-02,ทวีวัฒนา,1,5.131073831007001
2023-03-02,บึงกุ่ม,4,5.105324329640554
2023-03-02,ยานนาวา,6,6.0620151387346635
2023-03-02,ราชเทวี,7,10.259235936498323
2023-03-02,ลาดกระบัง,17,12.676555927989606
2023-03-02,สวนหลวง,7,9.712287088710237
2023-03-02,สัมพันธวงศ์,3,4.519579121167006
2023-03-02,สาทร,6,8.090287773346631
2023-03-02,สายไหม,5,5.791114810418126
2023-03-03,ทุ่งครุ,7,4.997843560746352
2023-03-03,ธนบุรี,8,7.141487896433061
2023-03-03,บางกอกน้อย,9,8.582946268162653
2023-03-03,บางกอกใหญ่,3,5.001259192821703
2023-03-03,บางบอน,2,4.8307991124614995
2023-03-03,บางรัก,7,10.907466246946129
2023-03-03,บางแค,6,12.252947123894367
2023-03-03,ราษฎร์บูรณะ,2,4.824423754369207
2023-03-04,คลองเตย,6,11.164549334889141
2023-03-04,ตลิ่งชัน,3,5.750975266721449
2023-03-04,ทวีวัฒนา,2,4.803973891888817
2023-03-04,บางกอกน้อย,6,8.139259099675476
2023-03-04,บางนา,3,5.832857290693061
2023-03-04,บางพลัด,14,8.137722218596071
2023-03-04,บางรัก,7,9.204440642359845
2023-03-04,บึงกุ่ม,3,4.960652570020203
2023-03-04,พญาไท,12,6.921270132211252
2023-03-04,พระโขนง,3,5.544584558674117
2023-03-04,ลาดกระบัง,6,9.751346866299068
2023-03-04,ลาดพร้าว,2,6.172448170971678
2023-03-04,สะพานสูง,3,10.672332252359102
2023-03-04,สัมพันธวงศ์,2,4.633631319983603
2023-03-04,หนองแขม,9,4.861785239071372
2023-03-05,ทวีวัฒนา,2,4.874599312929479
2023-03-05,ทุ่งครุ,5,5.147589555640347
2023-03-05,บางกะปิ,5,19.168669610593636
2023-03-05,บางคอแหลม,1,4.973110371361942
2023-03-05,บางรัก,16,8.742763994815705
2023-03-05,บางเขน,6,9.275389294430118
2023-03-05,บางแค,3,11.8257763729094
2023-03-05,สวนหลวง,5,8.20038056862969
2023-03-05,สะพานสูง,6,5.487320443061425
2023-03-06,คลองสาน,3,5.107235656554349
2023-03-06,ตลิ่งชัน,5,6.038483902503088
2023-03-06,ธนบุรี,5,7.035198622656663
2023-03-06,บางคอแหลม,3,4.955567577632725
2023-03-06,บางนา,5,6.53538595476374
2023-03-06,บางรัก,6,12.28607134970523
2023-03-06,ลาดพร้าว,4,5.938136248129469
2023-03-07,คลองสาน,1,4.896764464625516
2023-03-07,ดินแดง,6,9.959797360644977
2023-03-07,ประเวศ,19,15.102132862316793
2023-03-07,ภาษีเจริญ,6,6.606584068360559
2023-03-07,วัฒนา,7,11.692966561677867
2023-03-07,สายไหม,4,5.963030967386559
2023-03-08,คลองเตย,32,13.515167174971278
2023-03-08,จตุจักร,21,13.081929426908811
2023-03-08,ตลิ่งชัน,9,6.2245802904449565
2023-03-08,บางกะปิ,9,13.462757628609955
2023-03-08,บึงกุ่ม,2,5.827839363527683
2023-03-08,ประเวศ,19,16.611647725235702
2023-03-08,ราชเทวี,11,11.923715828020345
2023-03-08,สัมพันธวงศ์,2,4.44918567109496
2023-03-09,คันนายาว,2,5.1681200376862835
2023-03-09,บางกอกใหญ่,3,4.6265505946718415
2023-03-09,บางคอแหลม,1,4.833287897924346
2023-03-09,บางนา,4,7.026307794113665
2023-03-09,บางบอน,8,4.686450285100173
2023-03-09,บางเขน,13,14.348316237478858
2023-03-09,ปทุมวัน,12,14.041906189802395
2023-03-09,วังทองหลาง,5,10.464747731128877
2023-03-09,สาทร,3,6.459396368383049
2023-03-09,สายไหม,7,5.625170458815313
2023-03-10,คันนายาว,9,4.799976886704914
2023-03-10,ดุสิต,6,5.42434662202958
2023-03-10,ทวีวัฒนา,3,4.811935650850127
2023-03-10,ป้อมปราบศัตรูพ่าย,4,7.723413643828432
2023-03-10,ลาดพร้าว,1,6.248306502605262
2023-03-10,วัฒนา,12,10.745078401416094
2023-03-10,สวนหลวง,9,11.844825377349155
2023-03-10,สะพานสูง,4,5.4144253702334915
2023-03-10,สาทร,1,5.8386220735756105
2023-03-11,จตุจักร,18,21.61726549112136
2023-03-11,ดอนเมือง,3,4.916822483373899
2023-03-11,บางกะปิ,13,12.54528564355023
2023-03-11,บางคอแหลม,3,5.216565571527732
2023-03-11,บางนา,5,6.178669252958126
2023-03-11,พระโขนง,8,5.631329741042828
2023-03-11,ภาษีเจริญ,6,5.7273744539797224
2023-03-11,วัฒนา,8,11.943086761561482
2023-03-11,สะพานสูง,3,5.780946068715982
2023-03-11,ห้วยขวาง,7,9.187766942304481
2023-03-12,คลองสามวา,2,8.154105830785813
2023-03-12,จตุจักร,21,18.78685628690301
2023-03-12,จอมทอง,1,5.255360373975284
2023-03-12,ทวีวัฒนา,6,4.729153668633631
2023-03-12,ธนบุรี,5,6.029089776645139
2023-03-12,บางบอน,3,4.9566753676831485
2023-03-12,บางเขน,13,8.037289919740378
2023-03-12,หลักสี่,5,5.541916110979241
2023-03-13,คลองสาน,2,4.746424223640601
2023-03-13,บางพลัด,4,6.88850158082713
2023-03-13,บางเขน,12,11.879511389472745
2023-03-13,บางแค,10,24.38343764207761
2023-03-13,ประเวศ,25,12.490950272735379
2023-03-13,ป้อมปราบศัตรูพ่าย,2,5.908054969928054
2023-03-13,ห้วยขวาง,14,9.536687693944696
2023-03-14,คลองเตย,15,15.277832865377135
2023-03-14,จตุจักร,28,17.60043154904146
2023-03-14,ทุ่งครุ,8,5.1636519546445765
2023-03-14,บางกรวย,1,4.567776956801277
2023-03-14,บางกะปิ,15,13.198636957991159
2023-03-14,ยานนาวา,9,5.606613757130635
2023-03-14,ราษฎร์บูรณะ,2,5.32151044507278
2023-03-14,วัฒนา,14,15.091280276884916
2023-03-14,สาทร,5,9.411695703661614
2023-03-14,หนองแขม,3,4.988991225280088
2023-03-14,หลักสี่,5,6.389023774176967
2023-03-15,คลองสามวา,6,6.12508810929098
2023-03-15,จตุจักร,22,21.49247416664688
2023-03-15,บางนา,3,6.895106956763371
2023-03-15,บางเขน,22,13.057982495099887
2023-03-15,บางแค,6,12.388885624676693
2023-03-15,ประเวศ,17,15.201037031611875
2023-03-15,ป้อมปราบศัตรูพ่าย,5,7.038577693328906
2023-03-15,พญาไท,6,6.146488974196851
2023-03-15,พระนคร,3,6.343028986167718
2023-03-15,พระโขนง,3,6.533999294010852
2023-03-15,ราชเทวี,4,10.59908059661581
2023-03-15,ลาดกระบัง,6,10.348637772717108
2023-03-15,วัฒนา,11,13.684552629899375
2023-03-15,สวนหลวง,6,8.846895067523835
2023-03-15,สาทร,9,6.402373037063276
2023-03-15,หลักสี่,2,6.041645045580211
2023-03-16,ทวีวัฒนา,8,5.211626117734197
2023-03-16,บางกอกน้อย,8,7.4628188020928805
2023-03-16,บางกะปิ,9,10.54984152469893
2023-03-16,บางคอแหลม,4,4.908167676180727
2023-03-16,บางซื่อ,4,9.197852814932501
2023-03-16,บางนา,3,6.112185240624292
2023-03-16,บางบอน,5,4.693285191561683
2023-03-16,บางพลัด,9,7.499902131214862
2023-03-16,บางรัก,17,10.787938843132574
2023-03-16,บางแค,5,12.424346715554872
2023-03-17,คลองสาน,1,4.663621908984961
2023-03-17,จอมทอง,3,5.70453461272366
2023-03-17,ทวีวัฒนา,11,6.030328969429663
2023-03-17,บางกอกใหญ่,3,4.463940705316554
2023-03-17,บางนา,7,5.977127614131133
2023-03-17,ประเวศ,16,15.548323619628931
2023-03-17,พระนคร,11,9.559901994504145
2023-03-17,ราษฎร์บูรณะ,5,5.526165072645425
2023-03-17,วัฒนา,16,10.763202738107552
2023-03-17,สาทร,4,6.491612994152645
2023-03-17,ห้วยขวาง,17,8.397416524118757
2023-03-18,คันนายาว,1,4.750254590890768
2023-03-18,จตุจักร,16,18.49567151428354
2023-03-18,ดินแดง,9,12.479270780708564
2023-03-18,ธนบุรี,27,9.90984646088001
2023-03-18,บางรัก,3,10.708847409096492
2023-03-18,บางแค,5,10.731444590727207
2023-03-18,พญาไท,6,5.833972668966558
2023-03-18,พระนคร,10,9.232847628559925
2023-03-18,เมืองสมุทรปราการ,1,4.640482084890051
2023-03-19,คลองสามวา,3,6.229725528356496
2023-03-19,จตุจักร,22,16.137079852186368
2023-03-19,บางกะปิ,7,16.316210213902792
2023-03-19,บางนา,12,6.378175473865253
2023-03-19,ปทุมวัน,8,12.218474817700786
2023-03-19,ประเวศ,20,21.23607731789909
2023-03-19,พระโขนง,3,5.471366306402615
2023-03-19,มีนบุรี,11,6.386548873342033
2023-03-19,ลาดกระบัง,4,8.674309609512047
2023-03-19,สะพานสูง,1,6.263284217576797
2023-03-19,สายไหม,4,6.11681143114561
2023-03-19,หนองแขม,1,5.412991244618431
2023-03-20,คลองสามวา,10,5.876023045571753
2023-03-20,คลองเตย,11,9.711026952223051
2023-03-20,จตุจักร,16,18.81413812164728
2023-03-20,ดุสิต,2,4.995696224139538
2023-03-20,ทวีวัฒนา,3,4.856468584162003
2023-03-20,ทุ่งครุ,2,5.753543038119127
2023-03-20,บางขุนเทียน,11,9.784069961820618
2023-03-20,บางบอน,2,5.6041613019403025
2023-03-20,บางรัก,5,10.290848311553495
2023-03-20,ปทุมวัน,14,11.865365042117956
2023-03-20,พญาไท,10,7.2250315481053375
2023-03-20,ราษฎร์บูรณะ,5,4.916874805649158
2023-03-20,ลาดพร้าว,9,6.7059148176920305
2023-03-20,สวนหลวง,7,10.844312539125175
2023-03-20,หนองจอก,1,6.327242781536116
2023-03-21,บางกอกใหญ่,5,4.543937296531203
2023-03-21,บางเขน,14,13.440211581207242
2023-03-21,มีนบุรี,5,6.8841733281997595
2023-03-21,ราษฎร์บูรณะ,4,5.370825651032834
2023-03-21,ลาดพร้าว,8,8.67894478285439
2023-03-21,สวนหลวง,10,9.754470911351515
2023-03-21,ห้วยขวาง,10,10.371257110474783
2023-03-22,ดอนเมือง,5,4.924890250790816
2023-03-22,ดินแดง,6,13.912317436648385
2023-03-22,บางบอน,6,4.671270985920955
2023-03-22,บางเสาธง,2,6.134247927408383
2023-03-22,ป้อมปราบศัตรูพ่าย,9,5.9775894101974085
2023-03-22,พระโขนง,4,6.235935771374149
2023-03-22,มีนบุรี,3,6.364012444688336
2023-03-22,วัฒนา,9,15.638207429704092
2023-03-22,สะพานสูง,2,8.583901113857388
2023-03-22,สายไหม,9,6.6560408209197846
2023-03-23,คันนายาว,3,4.776144918147159
2023-03-23,จตุจักร,21,19.926869345175206
2023-03-23,ดอนเมือง,3,5.554063036837563
2023-03-23,ตลิ่งชัน,4,6.724439355925749
2023-03-23,บางนา,7,9.427722027870697
2023-03-23,บางบอน,1,5.5592032301777525
2023-03-23,บางแค,5,14.729076423687355
2023-03-23,ปทุมวัน,12,14.633899699503726
2023-03-23,พระนคร,3,9.22895432541682
2023-03-23,พระโขนง,6,5.852841876412112
2023-03-23,ลาดกระบัง,8,12.882051051657848
2023-03-23,ลาดพร้าว,6,6.068594348061293
2023-03-24,คลองสามวา,6,6.8948850206638825
2023-03-24,จอมทอง,6,5.323883822544658
2023-03-24,ทวีวัฒนา,5,5.599802161547688
2023-03-24,บางกะปิ,9,10.400740667677816
2023-03-24,บางนา,2,6.907744719126614
2023-03-24,ปทุมวัน,14,12.854238983042979
2023-03-24,พญาไท,13,7.048641386789335
2023-03-24,พระนคร,14,6.401203501666504
2023-03-24,ลาดกระบัง,20,10.334597237822186
2023-03-24,สายไหม,13,5.737209776848139
2023-03-25,คันนายาว,1,4.8750063869255875
2023-03-25,ธนบุรี,6,8.403374643668796
2023-03-25,บางกอกน้อย,5,7.0890985448299375
2023-03-25,บางกอกใหญ่,2,4.671916812315794
2023-03-25,พระโขนง,3,5.74715174519977
2023-03-25,ราชเทวี,15,11.714466241648037
2023-03-25,วังทองหลาง,5,6.2880435824733745
2023-03-26,คลองสาน,4,4.924643443326845
2023-03-26,จตุจักร,19,19.641765485767056
2023-03-26,จอมทอง,5,5.324040732021954
2023-03-26,ทุ่งครุ,2,4.896531857032348
2023-03-26,ธนบุรี,12,6.724179619078778
2023-03-26,บางคอแหลม,4,5.759519648443616
2023-03-26,บางพลัด,3,7.596892666392991
2023-03-26,มีนบุรี,4,5.776936302190124
2023-03-26,ราษฎร์บูรณะ,3,4.861441158281957
2023-03-26,สวนหลวง,3,10.349368839257476
2023-03-26,สัมพันธวงศ์,1,4.348078191119216
2023-03-27,คันนายาว,3,4.797783204934872
2023-03-27,ทวีวัฒนา,1,4.766409506726403
2023-03-27,ทุ่งครุ,4,4.87238391610832
2023-03-27,บางขุนเทียน,8,11.119265377762265
2023-03-27,บางรัก,7,9.899265267519047
2023-03-27,ประเวศ,16,16.86953669368187
2023-03-27,ภาษีเจริญ,5,5.85554397404734
2023-03-27,ลาดกระบัง,14,9.353260406525699
2023-03-27,สวนหลวง,11,9.111091520844521
2023-03-27,ห้วยขวาง,11,10.833002843306017
2023-03-28,จอมทอง,3,5.433758982511451
2023-03-28,ดินแดง,10,10.244986072825602
2023-03-28,ดุสิต,1,5.2826405684832425
2023-03-28,ตลิ่งชัน,10,6.762755307881008
2023-03-28,บางกอกน้อย,5,7.643835015218554
2023-03-28,บางกอกใหญ่,8,4.90032439804039
2023-03-28,บางกะปิ,14,13.33194292915601
2023-03-28,บางบอน,2,4.743618500199611
2023-03-28,บางแค,10,13.528340734669786
2023-03-28,ป้อมปราบศัตรูพ่าย,15,11.895225095058604
2023-03-28,พระโขนง,6,6.235935771374149
2023-03-28,ราษฎร์บูรณะ,2,5.625070430410857
2023-03-28,สะพานสูง,4,6.398876763737784
2023-03-28,สาทร,9,6.098496089318953
2023-03-28,หลักสี่,7,6.2919183547374455
2023-03-28,ห้วยขวาง,2,11.37068319730854
2023-03-29,ดุสิต,10,4.949336416749947
2023-03-29,บางพลัด,5,7.018150231414164
2023-03-29,ประเวศ,15,14.922527528187345
2023-03-29,ลาดพร้าว,4,6.106910300016553
2023-03-29,ห้วยขวาง,6,8.75283765326761
2023-03-30,จตุจักร,32,18.64428298189259
2023-03-30,จอมทอง,8,6.100029325848849
2023-03-30,ดอนเมือง,3,7.586239158405303
2023-03-30,ทุ่งครุ,4,5.985095969997286
2023-03-30,บางเขน,7,10.80787555082055
2023-03-30,ป้อมปราบศัตรูพ่าย,10,9.804389557582255
2023-03-30,พระนคร,5,11.40390995826119
2023-03-30,ยานนาวา,3,5.720484923114048
2023-03-30,สาทร,4,8.494447748811696
2023-03-30,หลักสี่,9,6.286232229478543
2023-03-31,ทุ่งครุ,2,5.1294234735135715
2023-03-31,บางบอน,2,4.78837370501978
2023-03-31,พระนคร,11,6.924848626411125
2023-03-31,หลักสี่,3,7.919903862314615
2023-04-01,คลองสามวา,7,7.952024809132574
2023-04-01,คลองเตย,14,11.202154709591378
2023-04-01,ดินแดง,6,9.677497260421738
2023-04-01,ทุ่งครุ,2,4.806752122282972
2023-04-01,บางซื่อ,7,7.798057852252438
2023-04-01,บึงกุ่ม,5,5.239004580395325
2023-04-01,ปทุมวัน,5,13.81288859515341
2023-04-01,พระนคร,10,9.111473879044507
2023-04-01,ยานนาวา,4,5.696484580613046
2023-04-02,คลองสามวา,6,6.647826950955822
2023-04-02,คันนายาว,8,4.959893999805771
2023-04-02,ดินแดง,3,8.952295023254656
2023-04-02,ทุ่งครุ,11,4.974838740442588
2023-04-02,บางกะปิ,10,10.66331025210262
2023-04-02,ประเวศ,11,22.209345091845886
2023-04-02,พระนคร,13,8.86992259927973
2023-04-02,มีนบุรี,4,5.62044014370752
2023-04-02,ยานนาวา,10,5.597871958999142
2023-04-02,วัฒนา,8,10.894392466581113
2023-04-03,คลองเตย,12,10.886413604403895
2023-04-03,คันนายาว,4,6.120557972133292
2023-04-03,ดินแดง,11,8.633451050234271
2023-04-03,ตลิ่งชัน,8,10.051659994714957
2023-04-03,บางขุนเทียน,9,10.32891500452624
2023-04-03,พญาไท,4,7.035950616225175
2023-04-03,พระโขนง,9,5.746840556429436
2023-04-03,ภาษีเจริญ,4,6.381680910311402
2023-04-03,ลาดกระบัง,15,10.874687030733313
2023-04-03,สาทร,10,8.187627275725653
2023-04-04,คลองสาน,3,5.119232263646057
2023-04-04,คลองสามวา,6,6.2677001589906975
2023-04-04,คลองเตย,22,12.032112027553337
2023-04-04,ดินแดง,20,10.405393530138493
2023-04-04,ดุสิต,7,5.493299718677577
2023-04-04,ทุ่งครุ,3,5.147947604304154
2023-04-04,ธนบุรี,15,10.309682181354908
2023-04-04,บางรัก,10,11.039545159600362
2023-04-04,บางเขน,13,10.931230720642642
2023-04-04,ป้อมปราบศัตรูพ่าย,2,6.859498962818553
2023-04-04,วัฒนา,10,11.922491527543146
2023-04-04,สะพานสูง,10,5.935429980055294
2023-04-04,สาทร,8,8.642167093361044
2023-04-05,ดุสิต,9,5.8107037706284
2023-04-05,บางกะปิ,12,10.806464085916721
2023-04-05,บางขุนเทียน,5,9.756625869303843
2023-04-05,บางซื่อ,4,7.272151979922128
2023-04-05,พระนคร,14,7.348735426637131
2023-04-05,สวนหลวง,14,11.620776275198716
2023-04-05,สะพานสูง,5,8.145330403551814
2023-04-05,สัมพันธวงศ์,5,4.684632612575205
2023-04-06,คลองเตย,13,16.807382201701465
2023-04-06,คันนายาว,4,5.075886755066175
2023-04-06,ดุสิต,2,6.952295289173767
2023-04-06,ทวีวัฒนา,1,5.148426249375182
2023-04-06,ธนบุรี,1,5.927977191832527
2023-04-06,บางซื่อ,6,7.292881701359482
2023-04-06,บางรัก,19,9.415903975308254
2023-04-06,บึงกุ่ม,4,5.4268356213860205
2023-04-06,พระนคร,13,10.254306828735029
2023-04-06,ราษฎร์บูรณะ,8,5.041743673876468
2023-04-06,สวนหลวง,11,11.57913862041423
2023-04-06,สายไหม,5,7.94799002556976
2023-04-07,ดินแดง,10,9.50111728368574
2023-04-07,ทุ่งครุ,3,5.016234338629079
2023-04-07,บางซื่อ,7,7.879068869339551
2023-04-07,บางรัก,7,12.893001222415313
2023-04-07,สวนหลวง,11,10.61345903604213
2023-04-07,หนองแขม,4,4.876594265088405
2023-04-08,คลองเตย,10,14.932670886682697
2023-04-08,ดินแดง,9,9.601193758476843
2023-04-08,บางกะปิ,5,12.970868315184509
2023-04-08,บางรัก,9,9.238691669984597
2023-04-08,บางเขน,1,9.310042588618558
2023-04-08,บึงกุ่ม,5,5.571499594508455
2023-04-08,ภาษีเจริญ,8,6.393975002273685
2023-04-08,ลาดพร้าว,2,11.620609678197086
2023-04-08,สะพานสูง,2,5.758739100948806
2023-04-08,สัมพันธวงศ์,7,4.465063004664799
2023-04-08,หนองจอก,5,5.396468215320546
2023-04-09,จอมทอง,6,7.619268883246685
2023-04-09,ธนบุรี,15,6.812129805090194
2023-04-09,บางซื่อ,4,8.185386310938991
2023-04-09,บางเขน,9,7.737272831065044
2023-04-09,บึงกุ่ม,7,5.751322961575736
2023-04-09,พระนคร,10,7.029202287867934
2023-04-09,ราษฎร์บูรณะ,4,8.586758695009186
2023-04-09,สาทร,3,9.149598656729758
2023-04-10,คลองเตย,6,11.7429877989278
2023-04-10,คันนายาว,2,5.0352531791658715
2023-04-10,จตุจักร,25,12.783821390953028
2023-04-10,ดุสิต,8,5.790099792065027
2023-04-10,ทวีวัฒนา,4,5.462585732927425
2023-04-10,บางพลัด,8,7.26048311955589
2023-04-10,บึงกุ่ม,7,6.025548863627693
2023-04-10,ภาษีเจริญ,9,6.580426740664865
2023-04-10,สะพานสูง,3,5.825195189788056
2023-04-10,สาทร,7,6.0645363862534705
2023-04-10,หนองจอก,6,6.351823538083762
2023-04-10,หลักสี่,5,5.720860913133625
2023-04-10,ห้วยขวาง,11,8.436562442263796
2023-04-11,คลองสาน,1,5.124427832081018
2023-04-11,คลองเตย,7,10.989176342376755
2023-04-11,จอมทอง,13,7.772938629886584
2023-04-11,ตลิ่งชัน,3,6.163710981828351
2023-04-11,ทุ่งครุ,6,11.657953104381841
2023-04-11,บางกะปิ,12,11.474105565648847
2023-04-11,บางนา,5,6.842800218513621
2023-04-11,บางพลัด,5,7.760055727103179
2023-04-11,ประเวศ,11,13.588673079708366
2023-04-11,มีนบุรี,9,6.360425175764761
2023-04-11,ราชเทวี,4,10.430751123311941
2023-04-12,จอมทอง,4,9.533377683461904
2023-04-12,ดอนเมือง,2,7.3536900055927195
2023-04-12,ดุสิต,4,5.690604597157695
2023-04-12,บางพลัด,11,7.0201737215690825
2023-04-12,บางเขน,3,10.239842671515989
2023-04-12,พระโขนง,4,6.513486911548573
2023-04-12,ราชเทวี,8,9.25472309943435
2023-04-12,สายไหม,2,6.650409919899313
2023-04-13,ทุ่งครุ,10,4.899815794637141
2023-04-13,สะพานสูง,2,6.436199442954201
2023-04-13,สัมพันธวงศ์,3,4.702076635735121
2023-04-13,หนองแขม,8,6.097984695304583
2023-04-14,บางกอกใหญ่,1,4.562202127372469
2023-04-14,ประเวศ,5,13.525981509022724
2023-04-14,พญาไท,7,6.787290377737496
2023-04-14,พระนคร,1,6.441092928969825
2023-04-14,พระโขนง,1,6.34686570614218
2023-04-14,ลาดกระบัง,5,8.96771430529118
2023-04-14,ห้วยขวาง,7,11.42759237981879
2023-04-15,จอมทอง,3,5.727192157558323
2023-04-15,ดินแดง,8,9.389525085972561
2023-04-15,ธนบุรี,6,6.504531402398134
2023-04-15,บางพลัด,2,6.482435489013445
2023-04-15,บางแค,2,12.757757816145183
2023-04-15,มีนบุรี,2,5.714022889352373
2023-04-15,สวนหลวง,5,9.376538240535872
2023-04-15,สะพานสูง,2,5.560423520985639
2023-04-16,ดุสิต,4,5.260342757687179
2023-04-16,ทวีวัฒนา,2,7.232753046362975
2023-04-16,ทุ่งครุ,6,4.853632758925665
2023-04-16,บางคอแหลม,3,5.229789638173589
2023-04-16,บางนา,8,5.903735015956952
2023-04-16,ยานนาวา,2,5.606677097562697
2023-04-16,ลาดพร้าว,4,5.913763255593533
2023-04-16,สะพานสูง,2,5.475210625744365
2023-04-17,ตลิ่งชัน,3,5.898388139449261
2023-04-17,บางขุนเทียน,6,28.428870067252184
2023-04-17,บางคอแหลม,2,5.159479201599352
2023-04-17,บึงกุ่ม,9,5.963465926517437
2023-04-17,พระโขนง,2,5.838742618810133
2023-04-17,ภาษีเจริญ,5,6.053941636689496
2023-04-17,มีนบุรี,1,6.494847051618533
2023-04-17,ยานนาวา,3,5.594823979421858
2023-04-17,สะพานสูง,5,5.5899660497355335
2023-04-17,สายไหม,5,6.5338054401445005
2023-04-17,หนองจอก,5,5.685773657109635
2023-04-17,หลักสี่,2,5.7935613727115935
2023-04-18,คลองเตย,12,13.527987199701755
2023-04-18,จตุจักร,26,13.317097573294188
2023-04-18,ทวีวัฒนา,3,5.123731211206128
2023-04-18,ทุ่งครุ,2,5.795585616703487
2023-04-18,บางกอกใหญ่,4,4.848102142287328
2023-04-18,บางซื่อ,18,7.513634264226963
2023-04-18,บางบอน,1,4.884214182901631
2023-04-18,ภาษีเจริญ,2,6.35892593538511
2023-04-18,ยานนาวา,5,5.660124895191904
2023-04-18,สาทร,5,6.1050608342373645
2023-04-19,บางซื่อ,7,12.3133212789231
2023-04-19,บางรัก,10,10.87543022494643
2023-04-19,บางเขน,11,10.734508259445
2023-04-19,ปทุมวัน,7,10.494050799743178
2023-04-19,มีนบุรี,10,8.343168759477411
2023-04-19,ยานนาวา,4,6.052393231124091
2023-04-19,หลักสี่,4,9.032524515915718
2023-04-20,จอมทอง,15,6.135545640965459
2023-04-20,ตลิ่งชัน,11,6.499700404304837
2023-04-20,ธนบุรี,5,7.273973745704207
2023-04-20,บางเขน,10,10.734508259445
2023-04-20,บางแค,42,11.832794766352416
2023-04-20,พระโขนง,5,10.003926010201559
2023-04-20,ภาษีเจริญ,10,9.474609986359173
2023-04-20,มีนบุรี,6,8.64128481053228
2023-04-20,ราชเทวี,7,12.4181484927462
2023-04-20,วัฒนา,12,11.207386852692524
2023-04-20,สะพานสูง,6,5.829473843237887
2023-04-20,สัมพันธวงศ์,1,4.730594804331766
2023-04-20,สายไหม,11,6.539450385377916
2023-04-21,คันนายาว,4,4.988695126294728
2023-04-21,ธนบุรี,8,6.527791588199631
2023-04-22,คลองสาน,3,4.720266985769928
2023-04-22,คลองสามวา,5,6.49624450928209
2023-04-22,จอมทอง,4,6.4117769178855
2023-04-22,ดอนเมือง,5,5.784766844303104
2023-04-22,ตลิ่งชัน,13,6.2702020278947055
2023-04-22,ทวีวัฒนา,5,7.687662000886112
2023-04-22,บางแค,16,15.314235738993082
2023-04-22,ปทุมวัน,15,12.811710442342505
2023-04-22,ประเวศ,15,14.94833104214164
2023-04-22,ป้อมปราบศัตรูพ่าย,9,6.8609466118762175
2023-04-22,ราษฎร์บูรณะ,3,5.203119905794163
2023-04-22,วังทองหลาง,8,6.34753862470147
2023-04-22,สวนหลวง,6,9.275856913652246
2023-04-22,สาทร,5,21.10574505699568
2023-04-22,หลักสี่,2,7.871161394859631
2023-04-23,คลองสาน,2,4.908932740960227
2023-04-23,จตุจักร,13,15.81984991902566
2023-04-23,ดินแดง,13,11.348330466066304
2023-04-23,บางนา,7,6.437670516093351
2023-04-23,บางพลัด,9,9.822995925166584
2023-04-23,บางแค,14,14.992971519535953
2023-04-23,ราษฎร์บูรณะ,6,4.98211122322938
2023-04-23,สายไหม,8,10.751600576845911
2023-04-23,หนองจอก,4,5.545041822243855
2023-04-23,ห้วยขวาง,4,8.647138320574658
2023-04-24,คันนายาว,2,5.011888973255397
2023-04-24,ทุ่งครุ,1,5.2348912066748525
2023-04-24,ธนบุรี,3,6.952510464845278
2023-04-24,บางกอกใหญ่,8,4.718883329204262
2023-04-24,บางเขน,17,13.542897242851623
2023-04-24,ประเวศ,15,11.739911286385398
2023-04-24,ยานนาวา,3,6.320584514155712
2023-04-24,วัฒนา,4,10.550232463931959
2023-04-24,ห้วยขวาง,6,8.67371410680574
2023-04-25,จตุจักร,29,18.469237381563048
2023-04-25,บางกอกใหญ่,3,5.917830667906104
2023-04-25,บางขุนเทียน,17,10.480094444473341
2023-04-25,บางนา,5,7.1173475824543235
2023-04-25,บางบอน,5,5.0650132356068625
2023-04-25,บางพลัด,6,9.25858704577005
2023-04-25,พญาไท,10,10.010755987921426
2023-04-25,พระโขนง,7,5.931894772738188
2023-04-25,มีนบุรี,7,6.5879992055465895
2023-04-25,ลาดพร้าว,17,6.907795703949125
2023-04-25,วังทองหลาง,12,6.511183285251425
2023-04-25,หนองจอก,5,5.798201699894913
2023-04-26,ดินแดง,15,11.425890390149167
2023-04-26,ทวีวัฒนา,2,5.013779955063984
2023-04-26,ทุ่งครุ,15,5.462096931115864
2023-04-26,บางกอกใหญ่,3,4.842700260935468
2023-04-26,บางบอน,5,5.31271519493704
2023-04-26,บางพลัด,11,7.3095775402548195
2023-04-26,ราษฎร์บูรณะ,4,5.385893677206193
2023-04-26,ลาดพร้าว,7,12.381297078941646
2023-04-26,สวนหลวง,9,10.188701842476934
2023-04-27,จอมทอง,7,5.950657683856162
2023-04-27,บางกอกใหญ่,9,4.804384308980209
2023-04-27,บางขุนเทียน,21,11.300935513765785
2023-04-27,พระโขนง,7,6.378065540153793
2023-04-27,ยานนาวา,2,9.152067334568514
2023-04-27,วังทองหลาง,5,6.7015557393281835
2023-04-27,สะพานสูง,6,6.123607356260434
2023-04-27,สายไหม,3,12.748453591588103
2023-04-28,คลองเตย,10,14.082520018684189
2023-04-28,ดอนเมือง,4,7.199915977274371
2023-04-28,ตลิ่งชัน,6,5.9395411338538215
2023-04-28,ทวีวัฒนา,3,5.149055412685948
2023-04-28,บางกอกน้อย,6,8.801299143008837
2023-04-28,บางกะปิ,14,14.045376098892373
2023-04-28,บางซื่อ,14,9.768070920524414
2023-04-28,ราชเทวี,18,19.050215122703158
2023-04-28,วัฒนา,6,11.030482647496221
2023-04-28,สัมพันธวงศ์,1,4.478891642855348
2023-04-29,คลองสามวา,5,6.913093847385264
2023-04-29,คันนายาว,2,4.863456869951391
2023-04-29,ตลิ่งชัน,4,6.519260022595169
2023-04-29,บางกะปิ,14,12.674446282136325
2023-04-29,บางคอแหลม,4,4.802521313494336
2023-04-29,บางบอน,1,4.756135306492531
2023-04-29,บางรัก,7,9.884363674302211
2023-04-29,พระโขนง,4,8.084881600684238
2023-04-29,ราษฎร์บูรณะ,4,5.454414103232906
2023-04-29,วังทองหลาง,5,6.903847225810059
2023-04-29,สวนหลวง,8,9.398270622341686
2023-04-30,จตุจักร,23,17.041837190568064
2023-04-30,จอมทอง,6,5.494933382595958
2023-04-30,ดินแดง,18,10.603443220017512
2023-04-30,บางนา,10,6.733123604807558
2023-04-30,บางเขน,11,8.582199728259706
2023-04-30,บึงกุ่ม,2,5.621021051753936
2023-04-30,ประเวศ,21,13.916561850207191
2023-04-30,ป้อมปราบศัตรูพ่าย,4,7.059011720993771
2023-04-30,พระโขนง,2,5.719163684698924
2023-04-30,วังทองหลาง,11,6.515176905915927
2023-05-01,จตุจักร,33,20.41782556243235
2023-05-01,ทวีวัฒนา,2,5.49345910978303
2023-05-01,ทุ่งครุ,2,5.140883800312214
2023-05-01,ธนบุรี,7,7.267114897515706
2023-05-01,บางกอกน้อย,9,10.789855350815959
2023-05-01,บางขุนเทียน,17,10.015544836732825
2023-05-01,บางรัก,3,10.149382660418404
2023-05-01,ปทุมวัน,6,10.443423424578064
2023-05-01,ลาดพร้าว,4,6.984929038048198
2023-05-01,วังทองหลาง,6,9.902837895307357
2023-05-01,สวนหลวง,13,9.761313343276637
2023-05-01,สาทร,2,7.0292973361096385
2023-05-01,หนองจอก,9,6.3555689922686245
2023-05-01,หลักสี่,2,6.540937507316873
2023-05-02,คลองเตย,10,14.21132225513762
2023-05-02,ดอนเมือง,5,5.60125235922813
2023-05-02,ดินแดง,11,9.79322588815075
2023-05-02,หนองจอก,4,8.408574256491324
2023-05-03,คลองสาน,4,5.218344445059859
2023-05-03,ดุสิต,2,8.664179197025794
2023-05-03,ตลิ่งชัน,3,6.756636460634823
2023-05-03,ทวีวัฒนา,6,5.429101784005246
2023-05-03,ทุ่งครุ,2,5.463122683427949
2023-05-03,บางกอกน้อย,7,9.466733102992364
2023-05-03,บางขุนเทียน,14,10.556593042870496
2023-05-03,บางคอแหลม,6,5.299380603782827
2023-05-03,พระนคร,4,6.92397890920756
2023-05-03,ภาษีเจริญ,5,10.031587766962115
2023-05-03,มีนบุรี,3,7.156892567737017
2023-05-03,ยานนาวา,10,6.697589599459485
2023-05-03,วังทองหลาง,6,8.79292965296671
2023-05-03,สวนหลวง,9,9.871681083410026
2023-05-03,ห้วยขวาง,8,9.539203567346297
2023-05-04,คันนายาว,5,5.680165830005456
2023-05-04,ทวีวัฒนา,5,6.097843543001484
2023-05-04,บางคอแหลม,4,6.207514953695009
2023-05-04,บางนา,9,7.480299257348888
2023-05-04,ราชเทวี,10,10.116673544184547
2023-05-04,วัฒนา,18,13.341407772218929
2023-05-04,สาทร,5,6.466551436047952
2023-05-04,หนองแขม,4,5.317736157650704
2023-05-05,จตุจักร,16,20.370785579446483
2023-05-05,ดุสิต,2,5.306535075621687
2023-05-05,ทุ่งครุ,2,5.165539267897674
2023-05-05,บางกอกน้อย,7,6.888631128197663
2023-05-05,บางกอกใหญ่,2,5.455490434391345
2023-05-05,บางซื่อ,8,7.32005303088565
2023-05-05,บางพลัด,5,9.685790652812639
2023-05-05,บางรัก,3,9.56625936624317
2023-05-05,ประเวศ,10,14.845052272027791
2023-05-05,วังทองหลาง,5,6.788495654059413
2023-05-05,สวนหลวง,4,9.537733454577765
2023-05-05,สัมพันธวงศ์,2,4.9480687575844895
2023-05-05,สาทร,2,6.633110321995244
2023-05-05,ห้วยขวาง,13,9.35798937518763
2023-05-06,คลองสาน,4,5.725084813353497
2023-05-06,ดอนเมือง,2,6.341865488354971
2023-05-06,ตลิ่งชัน,3,6.905482375443206
2023-05-06,ทุ่งครุ,3,5.126170862520832
2023-05-06,บางกอกน้อย,9,7.559869382637085
2023-05-06,บางซื่อ,4,8.224250461546804
2023-05-06,บางแค,8,12.87761076195142
2023-05-06,บึงกุ่ม,4,5.652939975953978
2023-05-06,ราชเทวี,5,9.6996906681111
2023-05-06,ราษฎร์บูรณะ,3,5.487051683305767
2023-05-06,ลาดพร้าว,6,6.192283930704544
2023-05-06,วังทองหลาง,5,6.68452452128721
2023-05-06,สวนหลวง,3,8.53658347567203
2023-05-07,จตุจักร,19,27.05689372701075
2023-05-07,ธนบุรี,8,10.395882406265764
2023-05-07,บางกอกใหญ่,4,5.051726478672368
2023-05-07,บึงกุ่ม,5,5.786962173900744
2023-05-07,ป้อมปราบศัตรูพ่าย,3,6.503891678101121
2023-05-07,พระนคร,6,8.30712748064293
2023-05-07,พระโขนง,3,6.488616377494511
2023-05-07,ลาดกระบัง,16,10.105366755920326
2023-05-07,สวนหลวง,10,8.484969930805379
2023-05-07,ห้วยขวาง,8,8.532433281180676
2023-05-08,คันนายาว,4,5.9188518837968775
2023-05-08,จตุจักร,24,18.771034885502747
2023-05-08,บางกอกใหญ่,6,5.237217064336624
2023-05-08,บางคอแหลม,2,5.758921152874342
2023-05-08,บางพลัด,11,7.74051902694409
2023-05-08,บางแค,4,12.240340393654789
2023-05-08,ภาษีเจริญ,7,8.972476603306115
2023-05-08,มีนบุรี,7,6.8524140811345955
2023-05-08,ราชเทวี,12,9.994861767701964
2023-05-08,ราษฎร์บูรณะ,10,5.357748939129494
2023-05-08,ลาดพร้าว,4,7.020404480202797
2023-05-08,สายไหม,13,7.01758352996565
2023-05-08,หลักสี่,11,5.758829899116518
2023-05-09,บางกอกใหญ่,2,5.738139385609085
2023-05-09,บางคอแหลม,2,5.339462869803727
2023-05-09,ปทุมวัน,12,12.153256392138864
2023-05-09,ราชเทวี,7,11.12893296046995
2023-05-09,ราษฎร์บูรณะ,3,7.818695920909931
2023-05-09,สัมพันธวงศ์,1,5.080387642156098
2023-05-09,หนองแขม,2,5.278109268964749
2023-05-09,ห้วยขวาง,9,10.002489334985906
2023-05-10,ดอนเมือง,4,5.662573134293046
2023-05-10,บางกอกน้อย,18,9.435796351571309
2023-05-10,บางนา,7,6.517497742580415
2023-05-10,ภาษีเจริญ,4,6.28335517058308
2023-05-10,มีนบุรี,4,6.093319670478244
2023-05-10,ราชเทวี,4,10.21774138118386
2023-05-10,สวนหลวง,13,11.260894795278606
2023-05-10,สัมพันธวงศ์,1,4.7822681106541785
2023-05-10,หนองแขม,2,5.213959868277361
2023-05-10,ห้วยขวาง,7,10.116953468355295
2023-05-11,คลองเตย,24,18.688453580469762
2023-05-11,ดอนเมือง,5,5.645710957044358
2023-05-11,ตลิ่งชัน,3,6.3336143686413555
2023-05-11,บางกอกใหญ่,5,4.986115535415059
2023-05-11,บางกะปิ,13,11.55738320616091
2023-05-11,บางคอแหลม,3,5.8190706151409675
2023-05-11,บางซื่อ,13,8.549305947236807
2023-05-11,บางพลัด,33,8.005730782089545
2023-05-11,บางแค,4,15.35874345316179
2023-05-11,ปทุมวัน,14,13.777607093932613
2023-05-11,ป้อมปราบศัตรูพ่าย,14,13.400223086795284
2023-05-11,พระนคร,9,6.746434090460603
2023-05-11,ราษฎร์บูรณะ,3,5.259611403625431
2023-05-12,คลองเตย,12,18.07399220564572
2023-05-12,ดินแดง,14,12.450680453811135
2023-05-12,บางนา,4,8.35681710788429
2023-05-12,บางพลัด,16,23.305135360312597
2023-05-12,บึงกุ่ม,9,5.484139325577589
2023-05-12,พระนคร,10,8.755401868849303
2023-05-12,ราชเทวี,5,9.025899505507756
2023-05-12,ราษฎร์บูรณะ,6,5.203457783467909
2023-05-12,วังทองหลาง,9,8.351482677369813
2023-05-12,วัฒนา,11,11.969074341395862
2023-05-12,สะพานสูง,6,5.727732446341085
2023-05-12,สัมพันธวงศ์,4,4.83171057373571
2023-05-12,ห้วยขวาง,8,10.106648482708469
2023-05-13,คลองสามวา,7,11.578168592774741
2023-05-13,จตุจักร,19,18.796404978922528
2023-05-13,ดุสิต,5,7.20944923850993
2023-05-13,ตลิ่งชัน,5,8.874660725963492
2023-05-13,บางเขน,8,8.411932941984746
2023-05-13,พระนคร,5,9.44465496700392
2023-05-13,หลักสี่,6,6.084853808467109
2023-05-14,คลองสาน,3,5.20587596213997
2023-05-14,ทุ่งครุ,10,5.355257698318795
2023-05-14,บางกะปิ,6,10.888177863382888
2023-05-14,บางขุนเทียน,16,13.876335804171864
2023-05-14,บึงกุ่ม,2,5.662280205233037
2023-05-14,ประเวศ,8,12.85078948347117
2023-05-14,พระนคร,11,7.508936592496722
2023-05-14,พระโขนง,4,5.8638502446271605
2023-05-14,ราษฎร์บูรณะ,4,5.279054444409123
2023-05-14,ลาดกระบัง,2,10.159612082288785
2023-05-14,วัฒนา,6,10.792200009936803
2023-05-14,ห้วยขวาง,6,9.847046865462762
2023-05-15,คลองสามวา,12,6.7971691477619745
2023-05-15,คลองเตย,7,11.631522320828342
2023-05-15,ตลิ่งชัน,9,6.377737325436721
2023-05-15,ทุ่งครุ,1,8.222038423557132
2023-05-15,ธนบุรี,4,7.3170844035139195
2023-05-15,บางกอกน้อย,14,10.652376621370186
2023-05-15,บางกะปิ,11,10.628263229687134
2023-05-15,ปทุมวัน,6,11.423402096590046
2023-05-15,ประเวศ,8,12.220710278034971
2023-05-15,พญาไท,4,7.523126102792027
2023-05-15,มีนบุรี,12,6.221514837422264
2023-05-15,ลาดกระบัง,11,9.422499712491923
2023-05-15,ลาดพร้าว,8,6.917409863580696
2023-05-15,สัมพันธวงศ์,2,4.959890756841921
2023-05-16,คลองเตย,8,11.065948735228593
2023-05-16,จตุจักร,18,20.76789140511811
2023-05-16,ดินแดง,14,10.27408237658565
2023-05-16,บางกะปิ,13,11.61668402426439
2023-05-16,บางขุนเทียน,15,13.929384954861058
2023-05-16,บางคอแหลม,3,6.119271042420426
2023-05-16,บางพลี,1,6.487814510473467
2023-05-16,บางแค,8,12.225793071640343
2023-05-16,พระโขนง,5,6.109788695953924
2023-05-16,ลาดกระบัง,3,11.160888968920585
2023-05-16,ลาดพร้าว,11,7.499101036075272
2023-05-16,วัฒนา,29,11.76611550668907
2023-05-17,คันนายาว,4,5.244329085309519
2023-05-17,ดุสิต,4,8.255397951333737
2023-05-17,บางกะปิ,14,13.056480932643165
2023-05-17,บึงกุ่ม,6,6.257899833232143
2023-05-17,พญาไท,6,10.344209196157069
2023-05-17,มีนบุรี,5,7.116161178393912
2023-05-17,ลาดกระบัง,7,9.314413850642868
2023-05-17,วังทองหลาง,9,6.551663374563118
2023-05-17,สายไหม,21,11.385657387986283
2023-05-17,เมืองนครราชสีมา,1,5.082698039187344
2023-05-18,ดินแดง,17,12.210499164953507
2023-05-18,ตลิ่งชัน,9,7.035465936138502
2023-05-18,ทุ่งครุ,3,5.295820777022632
2023-05-18,บางกอกน้อย,19,10.337194331774358
2023-05-18,บางกอกใหญ่,3,5.883415228551359
2023-05-18,ประเวศ,13,12.45999264871158
2023-05-18,สายไหม,17,13.972217292721757
2023-05-18,หนองแขม,6,8.753317584188306
2023-05-18,หลักสี่,5,7.055137849126706
2023-05-19,จตุจักร,30,28.027885519842584
2023-05-19,ดอนเมือง,4,8.471996435037376
2023-05-19,ดินแดง,10,13.130182529274375
2023-05-19,บางกะปิ,13,15.512737274548773
2023-05-19,บางรัก,16,12.260346084045453
2023-05-19,พระนคร,14,7.977847400407117
2023-05-19,สายไหม,9,12.152201308669104
2023-05-20,คลองสาน,1,5.040003266392967
2023-05-20,จตุจักร,28,23.359099059383382
2023-05-20,บางคอแหลม,9,7.693820187066967
2023-05-20,บึงกุ่ม,6,6.153659574786081
2023-05-20,ภาษีเจริญ,6,9.387302109605432
2023-05-20,มีนบุรี,7,8.522567495105754
2023-05-20,ห้วยขวาง,9,13.100877247349093
2023-05-21,คลองสาน,3,5.160399028600676
2023-05-21,คลองเตย,10,13.926081223360068
2023-05-21,คันนายาว,6,5.126022626651898
2023-05-21,จตุจักร,13,23.473192158088608
2023-05-21,บางคอแหลม,5,8.167884727465367
2023-05-21,บางนา,5,7.115661052007231
2023-05-21,บางพลัด,3,12.682832816169622
2023-05-21,บางเขน,13,10.651467632858841
2023-05-21,บางแค,10,14.716961442138413
2023-05-21,ประเวศ,33,19.140357812181094
2023-05-21,มีนบุรี,6,7.291758512391974
2023-05-21,ยานนาวา,5,6.024888378948736
2023-05-21,สะพานสูง,8,12.13530598419897
2023-05-22,ธนบุรี,18,10.39642968810318
2023-05-22,บางกอกน้อย,8,7.890458843258459
2023-05-22,พระโขนง,8,6.590564223166919
2023-05-22,ภาษีเจริญ,6,7.524911408741306
2023-05-22,ราษฎร์บูรณะ,4,5.398389564578137
2023-05-22,ลาดกระบัง,26,11.025086094779194
2023-05-22,ลาดพร้าว,12,12.874504790884178
2023-05-22,สะพานสูง,14,7.034985170102918
2023-05-22,หนองจอก,8,7.089063845173337
2023-05-22,หนองแขม,9,5.904327480330788
2023-05-23,คันนายาว,9,5.804236737743936
2023-05-23,จตุจักร,32,22.90821383892584
2023-05-23,บางกอกน้อย,17,8.201911118395223
2023-05-23,บางกอกใหญ่,7,7.8836054315292134
2023-05-23,บางขุนเทียน,14,13.222802400829107
2023-05-23,บางซื่อ,24,11.453145655519172
2023-05-23,บางพลัด,31,8.30575092849933
2023-05-23,ปทุมวัน,16,13.732697049726005
2023-05-23,ประเวศ,14,14.747655757037341
2023-05-23,พระโขนง,9,7.136371710400235
2023-05-23,มีนบุรี,13,9.899313308094953
2023-05-23,หลักสี่,13,8.789006013658868
2023-05-24,คลองสาน,5,5.7294557127385595
2023-05-24,ดอนเมือง,7,6.118332780666213
2023-05-24,ราชเทวี,13,11.228140864498933
2023-05-24,ราษฎร์บูรณะ,6,6.1036397989978175
2023-05-24,ลาดกระบัง,20,13.01172504127329
2023-05-24,หนองจอก,4,10.870645877625025
2023-05-25,บางกะปิ,21,26.521290573449285
2023-05-25,บางคอแหลม,3,5.343718595654205
2023-05-25,บางนา,5,14.252796330811336
2023-05-25,บางเขน,13,19.977258761692546
2023-05-25,พระโขนง,5,9.167030434931494
2023-05-25,ภาษีเจริญ,13,6.42372730657848
2023-05-25,สะพานสูง,25,11.764382402759349
2023-05-25,สายไหม,18,16.27135643307533
2023-05-25,หลักสี่,6,6.9099398075384855
2023-05-26,คลองสาน,8,6.186299991832238
2023-05-26,จตุจักร,33,28.244730568752818
2023-05-26,บางกะปิ,25,15.415870285305706
2023-05-26,บางขุนเทียน,61,15.326689221996086
2023-05-26,บางซื่อ,15,8.848584986587511
2023-05-26,พญาไท,8,9.052588414350625
2023-05-26,ลาดกระบัง,15,26.496995448359723
2023-05-26,สัมพันธวงศ์,11,4.720989838852535
2023-05-26,สายไหม,10,12.611089714980864
2023-05-26,หนองจอก,3,9.408727223280046
2023-05-27,จอมทอง,8,5.8113050625723455
2023-05-27,ดินแดง,7,13.42152091615327
2023-05-27,ทวีวัฒนา,3,5.916064218274947
2023-05-27,บางกะปิ,22,20.21123567013906
2023-05-27,บึงกุ่ม,9,11.252553160725773
2023-05-27,ภาษีเจริญ,29,11.407922865517166
2023-05-27,ราษฎร์บูรณะ,7,5.249186277592021
2023-05-27,สัมพันธวงศ์,5,8.906583063262579
2023-05-27,ห้วยขวาง,7,12.407546468451809
2023-05-28,จตุจักร,36,27.421062702227204
2023-05-28,ดอนเมือง,10,7.973732178057352
2023-05-28,ดินแดง,4,10.260510016064023
2023-05-28,ดุสิต,5,5.431902227976927
2023-05-28,บางกอกใหญ่,5,5.219914739227769
2023-05-28,บางเขน,20,15.222402154194466
2023-05-28,บางแค,10,18.700692647432586
2023-05-28,ราชเทวี,4,12.847117631133552
2023-05-28,วัฒนา,11,17.026628174444433
2023-05-28,หนองแขม,8,5.428851592239498
2023-05-29,คลองสาน,6,6.500853601244891
2023-05-29,คลองสามวา,16,10.03608094183823
2023-05-29,คลองเตย,18,11.986824505989883
2023-05-29,จอมทอง,9,8.627647833156235
2023-05-29,ดุสิต,5,6.014380050632287
2023-05-29,ธนบุรี,13,9.419500839386906
2023-05-29,บางพลัด,12,10.327093485011885
2023-05-29,บางเขน,21,14.971555053839484
2023-05-29,ประเวศ,43,16.686053282377312
2023-05-29,สวนหลวง,22,14.723006203343513
2023-05-29,เมืองนนทบุรี,1,5.40155281055583
2023-05-30,บางกอกใหญ่,4,5.965836562821613
2023-05-30,บางกะปิ,13,16.11970924928106
2023-05-30,บางเขน,39,15.276130189569901
2023-05-30,ประเวศ,26,30.78783598265681
2023-05-30,ปากเกร็ด,1,6.84103927451425
2023-05-30,ราชเทวี,10,13.397741933153918
2023-05-30,สวนหลวง,16,15.074682788349289
2023-05-30,สายไหม,27,13.612797568254646
2023-05-31,คลองเตย,21,12.85428827338755
2023-05-31,จอมทอง,13,6.706889182678371
2023-05-31,ดุสิต,6,11.972691733965593
2023-05-31,ทุ่งครุ,2,5.543883639763432
2023-05-31,บางกอกน้อย,14,11.755939728611942
2023-05-31,บึงกุ่ม,7,5.887904678909735
2023-05-31,พระโขนง,3,6.1151169352658075
2023-05-31,ภาษีเจริญ,8,13.102889375039373
2023-05-31,ลาดกระบัง,19,19.41896390818076
2023-05-31,สะพานสูง,7,12.23825372262022
2023-05-31,สัมพันธวงศ์,7,5.784534025363981
2023-05-31,หนองแขม,9,6.223478934269824
2023-06-01,ทุ่งครุ,6,6.356108792388428
2023-06-01,บางกอกน้อย,17,12.857273992380433
2023-06-01,บางกะปิ,29,18.35800461108816
2023-06-01,บางบอน,5,7.660461241461699
2023-06-01,บึงกุ่ม,5,7.942586370022416
2023-06-01,วังทองหลาง,11,15.3121234536026
2023-06-01,สายไหม,15,15.487304811590741
2023-06-01,ห้วยขวาง,16,16.238442037826797
2023-06-02,บางกอกใหญ่,6,6.383204488774303
2023-06-02,บางกะปิ,24,27.70950773030923
2023-06-02,บางขุนเทียน,28,46.43189177537736
2023-06-02,บางพลัด,8,8.88108925475245
2023-06-02,บึงกุ่ม,8,7.579125667860497
2023-06-02,พระนคร,5,10.332496162302075
2023-06-02,พระโขนง,4,8.295078910591036
2023-06-02,ยานนาวา,6,7.715670928958312
2023-06-02,ลาดกระบัง,18,17.620908247698036
2023-06-02,วัฒนา,14,15.085595250490414
2023-06-02,สายไหม,16,12.940987017977637
2023-06-03,คลองเตย,8,18.835067821428503
2023-06-03,จอมทอง,2,9.124892943447405
2023-06-03,บางกรวย,1,6.54393176826747
2023-06-03,บางคอแหลม,3,7.117788193356267
2023-06-03,บางพลัด,2,8.858437726816687
2023-06-03,บางแค,42,19.03979659426104
2023-06-03,ป้อมปราบศัตรูพ่าย,9,12.225851210705638
2023-06-03,พญาไท,16,12.145299680886563
2023-06-03,สัมพันธวงศ์,5,6.935321559707896
2023-06-03,หลักสี่,6,8.379629494976848
2023-06-03,ห้วยขวาง,15,13.34828321930327
2023-06-04,บางกะปิ,20,19.321629625024194
2023-06-04,บางขุนเทียน,61,40.59730115966284
2023-06-04,บางซื่อ,7,12.700005385707076
2023-06-04,บางพลัด,9,7.689123985759065
2023-06-04,ป้อมปราบศัตรูพ่าย,5,9.980574684302967
2023-06-04,วัฒนา,7,18.689999628515906
2023-06-04,หลักสี่,7,8.324566931530185
2023-06-04,เมืองราชบุรี,1,7.623266912157601
2023-06-05,คลองสาน,3,6.336922861440404
2023-06-05,ทุ่งครุ,9,6.705969509891519
2023-06-05,บางซื่อ,9,10.574346712006312
2023-06-05,บางพลัด,9,10.05685019970519
2023-06-05,บางเขน,24,17.059312674597894
2023-06-05,บึงกุ่ม,6,8.310293307291575
2023-06-05,ปทุมวัน,9,15.674491966814974
2023-06-05,ลาดกระบัง,21,15.374738894470749
2023-06-05,สาทร,7,7.634920874947733
2023-06-05,สายไหม,26,19.776801419361433
2023-06-06,ดินแดง,14,13.635253859121608
2023-06-06,ตลิ่งชัน,7,7.8322121413171475
2023-06-06,บางกะปิ,23,17.891031769073642
2023-06-06,บางคอแหลม,4,7.710056912768097
2023-06-06,ป้อมปราบศัตรูพ่าย,12,8.683091855725285
2023-06-06,พระนคร,16,10.197608719052386
2023-06-06,ยานนาวา,11,9.865468445176075
2023-06-06,ราษฎร์บูรณะ,5,6.224846872564059
2023-06-06,สะพานสูง,5,7.1925402522782536
2023-06-07,คลองสาน,6,7.133958899319525
2023-06-07,คลองเตย,15,16.14281415168366
2023-06-07,บางกอกน้อย,12,13.576012454689257
2023-06-07,บางกะปิ,27,22.197252290635653
2023-06-07,บางนา,8,8.432922648468425
2023-06-07,ปทุมวัน,14,18.50810374690912
2023-06-07,ป้อมปราบศัตรูพ่าย,18,11.900663812526542
2023-06-07,มีนบุรี,22,9.76602058026349
2023-06-07,สวนหลวง,6,14.604663244723636
2023-06-07,สายไหม,13,13.676055992169333
2023-06-08,ดอนเมือง,14,7.675064976091652
2023-06-08,ทุ่งครุ,5,6.428324686815481
2023-06-08,ธนบุรี,5,15.18697548159022
2023-06-08,บางซื่อ,14,11.838400269059381
2023-06-08,บางแค,10,28.54863636993368
2023-06-08,ลาดพร้าว,6,8.16595451062919
2023-06-08,หนองจอก,18,8.28991041585569
2023-06-09,คลองสามวา,8,15.488078535357895
2023-06-09,คลองเตย,17,18.39373992001299
2023-06-09,จตุจักร,26,24.270233772919973
2023-06-09,จอมทอง,4,6.9521017083023935
2023-06-09,ดินแดง,16,15.799311027399892
2023-06-09,ทวีวัฒนา,1,6.525654117338178
2023-06-09,ธนบุรี,25,8.18601127414742
2023-06-09,บางคอแหลม,4,7.146795977189669
2023-06-09,บางเขน,19,18.03480878789451
2023-06-09,ลาดกระบัง,14,16.084939891139356
2023-06-09,ห้วยขวาง,19,15.279643154147928
2023-06-10,คลองสาน,5,6.643155021881474
2023-06-10,ดอนเมือง,18,7.814383146304894
2023-06-10,ทุ่งครุ,3,6.662761526383848
2023-06-10,บางกะปิ,22,18.59748146860711
2023-06-10,บางรัก,15,12.944708253816756
2023-06-10,ปทุมวัน,12,22.379139451603535
2023-06-10,พญาไท,6,8.626039818654146
2023-06-10,ยานนาวา,3,8.735047602080993
2023-06-10,ราชเทวี,15,16.378221502336913
2023-06-10,ลาดพร้าว,5,12.825460424951341
2023-06-10,วังทองหลาง,8,7.876384477726343
2023-06-10,วัฒนา,15,18.365459187162475
2023-06-10,สัมพันธวงศ์,5,6.342041138578656
2023-06-11,ดินแดง,8,11.462817331978407
2023-06-11,บางนา,16,8.78360920842471
2023-06-11,บางพลัด,14,12.113055392961897
2023-06-11,บางรัก,6,15.212654846401103
2023-06-11,พญาไท,13,8.314523577770236
2023-06-11,ลาดกระบัง,18,17.036350971047874
2023-06-11,ลาดพร้าว,21,7.477366292673999
2023-06-11,สัมพันธวงศ์,7,6.1256844061087286
2023-06-11,หนองจอก,5,8.74836297898187
2023-06-11,ห้วยขวาง,7,11.485379971742892
2023-06-12,จตุจักร,28,32.70660813265683
2023-06-12,ดินแดง,15,13.46033981734567
2023-06-12,บางกะปิ,19,18.233076830933125
2023-06-12,บางซื่อ,8,14.918526053301004
2023-06-12,ป้อมปราบศัตรูพ่าย,7,7.3139003092806
2023-06-12,พญาไท,8,12.328101450637698
2023-06-12,ภาษีเจริญ,16,10.512242270598895
2023-06-12,ลาดกระบัง,6,18.55848597120528
2023-06-12,ลาดพร้าว,11,16.223476542799624
2023-06-12,ห้วยขวาง,11,12.751411120949822
2023-06-13,คันนายาว,8,6.2863144372588575
2023-06-13,บางขุนเทียน,18,26.34686385406166
2023-06-13,บางพลัด,13,7.436468789951943
2023-06-13,บางแค,43,16.86263470858594
2023-06-13,ป้อมปราบศัตรูพ่าย,11,8.247846057867969
2023-06-13,ราชเทวี,18,17.19243223418371
2023-06-13,ลาดพร้าว,15,10.606976174258289
2023-06-13,สาทร,8,10.157399353671694
2023-06-13,ห้วยขวาง,9,13.544294489151673
2023-06-14,คันนายาว,7,7.515310407177054
2023-06-14,จตุจักร,34,32.6062689754112
2023-06-14,จอมทอง,8,13.776565682434173
2023-06-14,ดินแดง,17,13.707136165726357
2023-06-14,บางกอกใหญ่,4,5.904563175694265
2023-06-14,บางซื่อ,12,13.023752965909804
2023-06-14,บางแค,34,41.03358705459485
2023-06-14,สายไหม,21,10.092761772144796
2023-06-14,หลักสี่,10,13.357691009386096
2023-06-14,ห้วยขวาง,14,13.234873410723335
2023-06-14,เมืองสมุทรปราการ,1,5.745232951986223
2023-06-15,คลองเตย,32,23.73729968736813
2023-06-15,จอมทอง,8,7.830060903465768
2023-06-15,ตลิ่งชัน,10,8.214163104768794
2023-06-15,บางกะปิ,23,18.32229068641487
2023-06-15,บางนา,6,10.634987246582412
2023-06-15,บางเขน,18,17.669636934910866
2023-06-15,บางแค,13,36.35461111802039
2023-06-15,ป้อมปราบศัตรูพ่าย,15,18.882305063438935
2023-06-15,พระนคร,12,10.24239849052315
2023-06-15,มีนบุรี,6,8.490649778979174
2023-06-15,ลาดกระบัง,17,15.314615644286949
2023-06-15,วังทองหลาง,5,10.69201503969261
2023-06-15,สะพานสูง,5,9.615670113065173
2023-06-15,สัมพันธวงศ์,4,5.745232951986223
2023-06-16,คลองสามวา,15,13.137384406826007
2023-06-16,คันนายาว,19,6.981600153911986
2023-06-16,บางกอกน้อย,6,8.873498489620998
2023-06-16,บางพลัด,10,12.516052783414851
2023-06-16,ประเวศ,23,15.396623414241134
2023-06-16,ราชเทวี,20,27.81221338587674
2023-06-16,สวนหลวง,17,16.679115359281468
2023-06-16,สะพานสูง,4,7.185798161832198
2023-06-16,หนองจอก,22,11.701074450878831
2023-06-17,จตุจักร,20,50.10738624419892
2023-06-17,ดินแดง,10,12.963840122481477
2023-06-17,ดุสิต,10,11.580627115557629
2023-06-17,ทวีวัฒนา,4,6.99718419807557
2023-06-17,ธนบุรี,12,10.714739069791852
2023-06-17,บางนา,6,8.649449072307922
2023-06-17,บึงกุ่ม,9,12.557552105806069
2023-06-17,ภาษีเจริญ,18,8.146300344824496
2023-06-17,ลาดพร้าว,7,8.430430806908365
2023-06-17,สวนหลวง,11,17.05197851243246
2023-06-18,จอมทอง,3,11.48320198227404
2023-06-18,บางกอกน้อย,10,10.393873478343597
2023-06-18,บางพลัด,7,10.110561209026685
2023-06-18,บางรัก,21,11.643658791626448
2023-06-18,พญาไท,14,10.552189978505066
2023-06-18,ภาษีเจริญ,12,13.667965621463406
2023-06-18,สวนหลวง,12,14.304916165156484
2023-06-19,คลองสามวา,12,8.235389760112598
2023-06-19,คันนายาว,14,6.000331186845199
2023-06-19,จอมทอง,5,6.62332889857565
2023-06-19,ดอนเมือง,21,7.281142260694823
2023-06-19,บางคอแหลม,5,7.382716019987289
2023-06-19,บางรัก,12,16.756855230510673
2023-06-19,บางเขน,17,29.633940205834346
2023-06-19,บางแค,23,19.19955856376625
2023-06-19,ปทุมวัน,10,18.590531908029032
2023-06-19,พญาไท,12,12.684289195905121
2023-06-19,สะพานสูง,14,9.060301310044531
2023-06-19,สัมพันธวงศ์,1,6.135129394917357
2023-06-20,ดอนเมือง,25,16.422879186211826
2023-06-20,บางกอกใหญ่,5,6.838440439859371
2023-06-20,บางขุนเทียน,10,18.93511446889017
2023-06-20,บางคอแหลม,5,6.832570412554771
2023-06-20,บางเขน,24,17.714028063669478
2023-06-20,พระประแดง,1,6.042596113405162
2023-06-20,ยานนาวา,6,11.527638797955628
2023-06-20,ราชเทวี,23,17.836567562475032
2023-06-20,สัมพันธวงศ์,4,5.745232951986223
2023-06-21,คลองสามวา,17,13.692494429733452
2023-06-21,จอมทอง,9,9.606441282752485
2023-06-21,บางขุนเทียน,16,14.692099226228024
2023-06-21,บางนา,7,10.725718733284861
2023-06-21,พระโขนง,5,7.94939123978812
2023-06-21,ราษฎร์บูรณะ,8,8.533566049675361
2023-06-21,หนองแขม,7,8.533566049675361
2023-06-22,คลองเตย,32,27.086447561953825
2023-06-22,ทุ่งครุ,5,6.912981795666501
2023-06-22,บางกะปิ,18,18.32229068641487
2023-06-22,บางขุนเทียน,18,18.12347262533356
2023-06-22,บางคอแหลม,6,7.444540560579289
2023-06-22,บึงกุ่ม,3,7.655341810255955
2023-06-22,พญาไท,12,7.443049340899099
2023-06-22,วังทองหลาง,16,13.140653893901753
2023-06-22,สะพานสูง,11,7.693895753216914
2023-06-22,สาทร,4,8.490649778979174
2023-06-22,หลักสี่,16,9.337611117661218
2023-06-23,จอมทอง,5,7.588743934501063
2023-06-23,บางกะปิ,10,18.340599400682393
2023-06-23,พระโขนง,18,8.19890992082591
2023-06-23,ภาษีเจริญ,10,12.598048326673844
2023-06-23,สวนหลวง,10,14.45949937474173
2023-06-23,สะพานสูง,5,10.334626484113496
2023-06-23,สัมพันธวงศ์,3,6.267216350777989
2023-06-23,หลักสี่,11,12.733694643189438
2023-06-24,คลองสาน,16,6.495057584227856
2023-06-24,คลองสามวา,17,13.514662364906258
2023-06-24,คันนายาว,5,7.121724942635497
2023-06-24,ดุสิต,9,7.038673746699692
2023-06-24,ตลิ่งชัน,6,9.556476270679381
2023-06-24,บางขุนเทียน,24,36.57730892971782
2023-06-24,บางรัก,12,12.704580999046566
2023-06-24,บางเขน,9,14.122245125056756
2023-06-24,บึงกุ่ม,14,8.14729451392592
2023-06-24,ประเวศ,15,15.294961019141407
2023-06-24,ป้อมปราบศัตรูพ่าย,12,12.770974768149205
2023-06-24,ลาดพร้าว,18,12.089070233317644
2023-06-24,สวนหลวง,18,14.277364169666848
2023-06-24,สะพานสูง,11,7.30268788535012
2023-06-24,สัมพันธวงศ์,7,6.193943700925038
2023-06-24,สาทร,6,11.930427195828095
2023-06-24,หนองจอก,5,8.256020157084839
2023-06-24,หลักสี่,7,10.302877736100887
2023-06-25,คันนายาว,1,6.409252115012182
2023-06-25,ดอนเมือง,11,13.117037444534853
2023-06-25,บางกอกใหญ่,3,6.3134841038612475
2023-06-25,บางนา,10,11.77970897872834
2023-06-25,ป้อมปราบศัตรูพ่าย,8,11.801825846086782
2023-06-25,พระนคร,9,12.817220148056212
2023-06-25,ภาษีเจริญ,11,7.391814981610158
2023-06-25,มีนบุรี,8,11.467010539861814
2023-06-25,หนองจอก,9,7.708652075340798
2023-06-26,คันนายาว,7,6.006474762140226
2023-06-26,ดอนเมือง,7,10.148854924501476
2023-06-26,ดินแดง,13,13.1325058426717
2023-06-26,ตลิ่งชัน,5,8.3454465279251
2023-06-26,ธนบุรี,20,13.194777225648298
2023-06-26,บางคอแหลม,9,6.687708158797515
2023-06-26,บางนา,16,10.185611235190539
2023-06-26,บางเขน,18,18.105913935767525
2023-06-26,บึงกุ่ม,2,9.689139879312604
2023-06-26,ปทุมวัน,20,18.641839543026396
2023-06-26,ภาษีเจริญ,16,10.505207922674897
2023-06-26,มีนบุรี,14,8.510000492747823
2023-06-26,ราษฎร์บูรณะ,9,6.242487136075243
2023-06-26,สะพานสูง,9,11.286593823718166
2023-06-26,หนองจอก,16,9.677773207305954
2023-06-27,คันนายาว,4,7.044265218822805
2023-06-27,ทุ่งครุ,4,9.48074973131113
2023-06-27,บางกอกน้อย,13,8.589211587077582
2023-06-27,บางกอกใหญ่,4,6.8654460117360685
2023-06-27,บางแค,53,18.553752480373323
2023-06-27,ปทุมวัน,14,18.608282860046057
2023-06-27,ลาดกระบัง,5,17.840008886494335
2023-06-27,สายไหม,7,13.961014540766929
2023-06-28,คลองสาน,4,6.961214022887002
2023-06-28,จตุจักร,36,33.13195533469786
2023-06-28,ดุสิต,9,6.305898398163174
2023-06-28,ทวีวัฒนา,6,9.461107348214863
2023-06-28,บางนา,8,8.380692757367942
2023-06-28,ป้อมปราบศัตรูพ่าย,10,8.211482200280896
2023-06-28,ราษฎร์บูรณะ,14,6.187079417492907
2023-06-28,สวนหลวง,12,17.250046164749
2023-06-28,สาทร,9,7.468952275523733
2023-06-28,หนองแขม,28,6.247660147656701
2023-06-29,ตลิ่งชัน,13,12.823110307625779
2023-06-29,บางกอกน้อย,20,15.50544355543623
2023-06-29,บางกอกใหญ่,2,6.249534342263338
2023-06-29,บางขุนเทียน,19,26.934245379565084
2023-06-29,บางคอแหลม,9,7.554597328391791
2023-06-29,ป้อมปราบศัตรูพ่าย,7,10.094085088488836
2023-06-29,หนองจอก,5,9.60903699229172
2023-06-30,จอมทอง,5,6.8835444008043085
2023-06-30,ตลิ่งชัน,14,11.731437509637527
2023-06-30,บางกอกน้อย,10,15.184888256614945
2023-06-30,บางกะปิ,21,28.542266883238703
2023-06-30,บางแค,20,43.54251796800139
2023-06-30,ประเวศ,10,18.637416331286992
2023-06-30,พระโขนง,10,10.01658932539293
2023-06-30,ภาษีเจริญ,16,10.566996694830356
2023-06-30,ยานนาวา,12,8.279008640572759
2023-06-30,วังทองหลาง,11,10.867490139576072
2023-06-30,สวนหลวง,4,16.820589378136237
2023-06-30,สัมพันธวงศ์,4,6.972454223661705
2023-06-30,สาทร,7,11.930427195828095
2023-06-30,หนองแขม,5,7.0405880700674
2023-06-30,หลักสี่,7,11.949379851326345
2023-07-01,คันนายาว,7,6.327260556007111
2023-07-01,ทวีวัฒนา,2,7.235336821163085
2023-07-01,ทุ่งครุ,7,8.73155079937523
2023-07-01,บางกอกน้อย,4,10.753993122364635
2023-07-01,บางซื่อ,4,12.672313091115946
2023-07-01,บางพลัด,10,9.895551862316932
2023-07-01,บึงกุ่ม,5,8.358522225680577
2023-07-01,ปทุมวัน,22,17.5655376554337
2023-07-01,พระนคร,18,9.054615977809842
2023-07-01,ภาษีเจริญ,10,12.27176306800887
2023-07-01,ราชเทวี,9,16.771261230184287
2023-07-01,ลาดพร้าว,8,10.685752318621091
2023-07-01,หลักสี่,13,8.429174522317927
2023-07-02,ทุ่งครุ,4,7.194454746885169
2023-07-02,บางกอกน้อย,9,8.350008720739828
2023-07-02,บางกะปิ,12,19.168213186600262
2023-07-02,พญาไท,10,12.486028282966826
2023-07-02,ราชเทวี,5,13.659395215742984
2023-07-02,ห้วยขวาง,9,13.084780116683953
2023-07-03,จอมทอง,3,8.025086943509505
2023-07-03,ดินแดง,20,16.43686401968928
2023-07-03,ตลิ่งชัน,9,8.333862872705776
2023-07-03,ธนบุรี,14,12.475678951734066
2023-07-03,บางกะปิ,27,15.601813663520337
2023-07-03,บางแค,17,14.07607360457009
2023-07-03,ประเวศ,19,15.3255085352121
2023-07-03,พญาไท,11,10.668721433250116
2023-07-03,ภาษีเจริญ,5,11.54357910937722
2023-07-03,ลาดกระบัง,16,15.742471985024807
2023-07-03,วังทองหลาง,20,8.384982553859341
2023-07-03,สาทร,14,11.808664113585865
2023-07-04,ดอนเมือง,6,11.457119042754154
2023-07-04,ดินแดง,14,16.26169760982741
2023-07-04,บางรัก,10,16.908262406873398
2023-07-04,พระนคร,9,8.172755703243308
2023-07-04,ห้วยขวาง,7,16.524113975064157
2023-07-05,คลองสาน,7,7.132500697158105
2023-07-05,ทวีวัฒนา,7,7.1930814273219
2023-07-05,บางขุนเทียน,26,14.811882935066635
2023-07-05,บางคอแหลม,8,14.471273846825198
2023-07-05,ประเวศ,17,15.358975778681131
2023-07-05,ภาษีเจริญ,6,12.832867272509464
2023-07-05,ราชเทวี,19,16.112724794800833
2023-07-05,วังทองหลาง,14,13.122440606729416
2023-07-05,วัฒนา,15,24.483706570787227
2023-07-05,สัมพันธวงศ์,5,6.197230182602377
2023-07-06,จตุจักร,47,45.25462224487295
2023-07-06,จอมทอง,8,6.8932190131911755
2023-07-06,ธนบุรี,15,10.681291632260411
2023-07-06,บางกอกน้อย,8,11.844212776675429
2023-07-06,บางกอกใหญ่,4,7.065378851452005
2023-07-06,บางขุนเทียน,14,23.47293884362788
2023-07-06,บางบอน,8,6.283132831090226
2023-07-06,บางเขน,23,17.5584684210318
2023-07-06,พระนคร,11,12.458011931972553
2023-07-06,พระโขนง,6,9.621475623621375
2023-07-06,สัมพันธวงศ์,4,6.398199687751221
2023-07-06,หนองจอก,10,10.099201340469627
2023-07-07,คลองสาน,6,7.264401798157013
2023-07-07,คลองเตย,18,30.855585644672374
2023-07-07,ธนบุรี,14,12.743693993289213
2023-07-07,บางกอกใหญ่,4,6.529308900280872
2023-07-07,บางนา,11,8.557900584946289
2023-07-07,บางบอน,5,7.773728620864697
2023-07-07,บางพลัด,8,8.88254745691387
2023-07-07,ปทุมวัน,28,17.57006746336732
2023-07-07,ประเวศ,17,18.752230325897578
2023-07-07,พญาไท,16,14.75071810508376
2023-07-07,พระนคร,15,10.981078905813202
2023-07-07,ภาษีเจริญ,5,14.606195394507822
2023-07-07,วัฒนา,17,18.6393299619939
2023-07-07,หลักสี่,16,12.676519595552366
2023-07-07,ห้วยขวาง,16,15.784662274240418
2023-07-08,จตุจักร,39,38.239406569552635
2023-07-08,ดอนเมือง,8,9.840397291751398
2023-07-08,ดุสิต,7,14.006360986262056
2023-07-08,บางขุนเทียน,18,13.98424707006042
2023-07-08,บึงกุ่ม,8,7.498116211355944
2023-07-08,ยานนาวา,11,8.735047602080993
2023-07-08,ลาดกระบัง,19,17.229979517528783
2023-07-08,ลาดพร้าว,8,8.229691443784883
2023-07-08,วังทองหลาง,12,12.123898891655044
2023-07-08,สายไหม,13,9.782432840970369
2023-07-09,คลองสาน,3,11.286312119809436
2023-07-09,คันนายาว,3,6.571833529413224
2023-07-09,ดอนเมือง,18,8.456934266564762
2023-07-09,ทุ่งครุ,9,6.284143439236445
2023-07-09,บางนา,5,10.956668760142554
2023-07-09,บางแค,13,17.782354952899684
2023-07-09,พญาไท,6,10.438663992020071
2023-07-09,มีนบุรี,8,9.907131252620452
2023-07-09,วังทองหลาง,17,12.04101087356133
2023-07-09,วัฒนา,10,13.805238438942752
2023-07-09,สะพานสูง,3,10.502163630253094
2023-07-09,สายไหม,13,12.593578086283115
2023-07-09,หนองแขม,2,6.580736543335256
2023-07-09,หลักสี่,12,8.374895209889043
2023-07-09,ห้วยขวาง,8,11.115655074339106
2023-07-10,ดอนเมือง,7,14.532500773661951
2023-07-10,บางกะปิ,22,16.922834538923045
2023-07-10,บางขุนเทียน,25,23.41982921706259
2023-07-10,บางซื่อ,36,13.843344041878447
2023-07-10,บางบอน,3,6.35944131648498
2023-07-10,บางแค,18,18.011661617953038
2023-07-10,ยานนาวา,7,13.352642250395348
2023-07-10,สะพานสูง,18,7.137132533695917
2023-07-11,คลองสาน,4,6.960698788591105
2023-07-11,จตุจักร,48,34.45457034245449
2023-07-11,ดุสิต,3,9.91990572278038
2023-07-11,บางคอแหลม,13,7.40920635756809
2023-07-11,บางนา,11,8.28013652903591
2023-07-11,ประเวศ,24,25.795955712653505
2023-07-11,พระนคร,14,10.192056706279349
2023-07-11,พระโขนง,8,8.105312404668165
2023-07-11,ภาษีเจริญ,5,9.955064823562166
2023-07-11,ราษฎร์บูรณะ,9,6.358432008830965
2023-07-11,สวนหลวง,18,13.900196415260012
2023-07-12,ดินแดง,31,15.325642769820291
2023-07-12,บางกะปิ,20,18.398104727489255
2023-07-12,บางคอแหลม,9,12.365375015874147
2023-07-12,บางรัก,20,23.754172273769452
2023-07-12,ป้อมปราบศัตรูพ่าย,13,9.677621469889058
2023-07-12,ลาดพร้าว,8,11.577669330529677
2023-07-12,สะพานสูง,18,8.071924796068286
2023-07-12,หนองแขม,6,7.575891137340848
2023-07-12,ห้วยขวาง,14,14.659397792128846
2023-07-13,จตุจักร,33,33.89001989088066
2023-07-13,ตลิ่งชัน,9,8.490649778979174
2023-07-13,ธนบุรี,6,10.58421408262216
2023-07-13,บางแค,14,19.858971342514145
2023-07-13,บึงกุ่ม,6,7.655341810255955
2023-07-13,ประเวศ,14,18.986173843328377
2023-07-13,พระโขนง,6,11.944466071998765
2023-07-13,ภาษีเจริญ,18,12.205996410077415
2023-07-13,ยานนาวา,2,8.022747280938589
2023-07-13,ราชเทวี,16,17.03970144094679
2023-07-13,สัมพันธวงศ์,6,6.135129394917357
2023-07-13,สาทร,12,12.801978082933593
2023-07-14,คลองสาน,8,7.06465134984779
2023-07-14,บางขุนเทียน,23,18.079904311844896
2023-07-14,บางแค,14,18.56762635441737
2023-07-14,พระโขนง,3,8.074369176265984
2023-07-14,ราษฎร์บูรณะ,3,12.599309733050307
2023-07-14,วังทองหลาง,10,11.855100219357201
2023-07-14,สะพานสูง,4,11.217311560496015
2023-07-15,คลองสามวา,18,8.191295543255128
2023-07-15,บางขุนเทียน,21,19.430094375151523
2023-07-15,บางพลี,1,6.326680825025986
2023-07-15,บางรัก,18,15.812688043614827
2023-07-15,ปทุมวัน,20,17.599956279312586
2023-07-15,พระโขนง,6,7.4306250970469945
2023-07-15,ภาษีเจริญ,12,10.574031042754356
2023-07-15,วังทองหลาง,7,10.302738953205486
2023-07-15,สาทร,9,11.937461543752095
2023-07-15,หลักสี่,14,11.290106406734623
2023-07-16,คลองสาน,3,6.947089360951127
2023-07-16,ทุ่งครุ,2,6.29919534719968
2023-07-16,บางขุนเทียน,20,18.56537443433837
2023-07-16,บางคอแหลม,8,9.996840018126044
2023-07-16,ประเวศ,21,19.19807664684552
2023-07-16,พระโขนง,4,7.9379423424857425
2023-07-16,ยานนาวา,4,7.203828712117736
2023-07-16,วังทองหลาง,9,8.1885211961377
2023-07-16,สายไหม,6,8.658447574398249
2023-07-16,หนองจอก,4,7.598595307528297
2023-07-17,คลองสาน,8,6.031395415689098
2023-07-17,ดินแดง,15,12.934037415210156
2023-07-17,ตลิ่งชัน,5,7.6100442048306745
2023-07-17,บางนา,14,8.27063598955544
2023-07-17,บางแค,16,19.27772967503001
2023-07-17,ปทุมวัน,24,18.290920385475907
2023-07-17,ป้อมปราบศัตรูพ่าย,8,8.101425432468396
2023-07-17,ลาดกระบัง,25,15.493776204887766
2023-07-17,หนองจอก,7,7.35889550771123
2023-07-17,หนองแขม,8,6.106539151000299
2023-07-18,คลองสามวา,17,11.775965761320721
2023-07-18,จอมทอง,18,9.077955549717148
2023-07-18,ธนบุรี,9,13.061767967264108
2023-07-18,บางขุนเทียน,21,20.959627383632224
2023-07-18,บางพลัด,16,10.147650384683905
2023-07-18,ราษฎร์บูรณะ,5,8.553208432771628
2023-07-18,วังทองหลาง,9,7.21775343322476
2023-07-19,คลองสาน,3,7.515310407177054
2023-07-19,คันนายาว,1,6.000331186845199
2023-07-19,จอมทอง,10,14.017950177904641
2023-07-19,ทวีวัฒนา,2,6.3925224014139586
2023-07-19,ทุ่งครุ,3,12.995686072758948
2023-07-19,บางกอกใหญ่,4,5.935627404538164
2023-07-19,บางกะปิ,15,27.404345924244762
2023-07-19,บางคอแหลม,6,9.102646812450443
2023-07-19,บางรัก,29,16.221028452850156
2023-07-19,บางแค,14,18.995559825881223
2023-07-19,ประเวศ,20,15.394868570582721
2023-07-19,มีนบุรี,11,8.235389760112598
2023-07-19,ราษฎร์บูรณะ,5,6.331941671250165
2023-07-19,วัฒนา,8,18.71394644318739
2023-07-19,สัมพันธวงศ์,3,6.699972212732999
2023-07-20,คลองสาน,5,6.031395415689098
2023-07-20,ตลิ่งชัน,10,8.06774247936922
2023-07-20,ทวีวัฒนา,9,6.106539151000299
2023-07-20,ทุ่งครุ,9,6.031395415689098
2023-07-20,บางซื่อ,5,14.713540440033304
2023-07-20,บางนา,9,8.525896008422016
2023-07-20,ราชเทวี,28,14.452986910490797
2023-07-20,ราษฎร์บูรณะ,2,6.331941671250165
2023-07-20,ลาดกระบัง,20,14.556834296678096
2023-07-21,จตุจักร,53,35.14747707755668
2023-07-21,จอมทอง,11,6.804551861835705
2023-07-21,ดินแดง,27,24.093109603230936
2023-07-21,บางพลัด,13,7.806331549892279
2023-07-21,บางเขน,12,14.18668444374112
2023-07-21,ปทุมวัน,18,17.808129019023887
2023-07-21,ภาษีเจริญ,11,10.574031042754356
2023-07-21,มีนบุรี,10,7.484710752388951
2023-07-21,สวนหลวง,30,16.20592258371125
2023-07-21,ห้วยขวาง,16,12.798605580735806
2023-07-22,คลองเตย,20,15.915054082220383
2023-07-22,บางกอกใหญ่,1,5.989842566194303
2023-07-22,บางซื่อ,5,9.75341905026467
2023-07-22,บางบอน,11,6.370516839667929
2023-07-22,บางพลัด,9,11.731737991551759
2023-07-22,ป้อมปราบศัตรูพ่าย,5,9.614228248779616
2023-07-22,พญาไท,3,10.250033856090784
2023-07-22,วังทองหลาง,39,28.723141342500497
2023-07-22,สะพานสูง,7,8.13413594369997
2023-07-23,คลองสามวา,7,7.460066080841779
2023-07-23,ตลิ่งชัน,31,8.299959150164462
2023-07-23,บางบอน,16,10.045748270618178
2023-07-23,บางพลัด,7,10.103526861102685
2023-07-23,ป้อมปราบศัตรูพ่าย,10,7.678140853657591
2023-07-23,วังทองหลาง,10,31.749266356740595
2023-07-23,สาทร,7,10.271833295008394
2023-07-24,คลองสาน,5,6.124871931405126
2023-07-24,คันนายาว,9,6.211343878831362
2023-07-24,จอมทอง,14,9.619049317924752
2023-07-24,ตลิ่งชัน,8,27.411227509300762
2023-07-24,ทวีวัฒนา,16,11.473288009017084
2023-07-24,พญาไท,15,10.24306273137654
2023-07-24,ลาดพร้าว,13,7.603855395055835
2023-07-24,วัฒนา,13,17.843011595798952
2023-07-24,สายไหม,12,8.1330950141698
2023-07-24,หนองจอก,13,9.677773207305954
2023-07-24,หลักสี่,4,10.34457861409513
2023-07-25,คลองสามวา,12,12.643456186622476
2023-07-25,ดอนเมือง,6,9.019926419474011
2023-07-25,ดินแดง,15,15.892423439732795
2023-07-25,บางนา,9,8.234272131968368
2023-07-25,บางบอน,9,10.69171653881163
2023-07-25,บางพลัด,7,12.244042471668411
2023-07-25,พระนคร,17,10.304100357613384
2023-07-25,มีนบุรี,16,9.639511874885091
2023-07-25,วัฒนา,15,17.249670346880855
2023-07-26,คลองสามวา,1,11.768931413396722
2023-07-26,จตุจักร,44,33.32188115825305
2023-07-26,จอมทอง,17,21.365728115181717
2023-07-26,ดินแดง,15,15.640656716649735
2023-07-26,ตลิ่งชัน,8,7.720100972643178
2023-07-26,บางรัก,26,16.605517048047098
2023-07-26,ป้อมปราบศัตรูพ่าย,8,8.502814407406927
2023-07-26,วังทองหลาง,10,10.77571217847106
2023-07-26,สัมพันธวงศ์,4,6.245186162729859
2023-07-26,ห้วยขวาง,15,12.85163511535354
2023-07-27,คันนายาว,2,8.477437869833397
2023-07-27,บางคอแหลม,11,12.457363995501769
2023-07-27,บางแค,85,30.71718266642589
2023-07-27,บึงกุ่ม,14,9.620403664298372
2023-07-27,สวนหลวง,15,16.690824605635687
2023-07-27,สะพานสูง,4,8.029179816053059
2023-07-28,คลองเตย,21,18.586957199491305
2023-07-28,คันนายาว,3,6.317445468945829
2023-07-28,ดุสิต,4,9.602965198127544
2023-07-28,ตลิ่งชัน,8,8.61533604612942
2023-07-28,ทุ่งครุ,1,6.213532276428355
2023-07-28,บางกะปิ,10,17.129484940711745
2023-07-28,บางขุนเทียน,10,17.741930040496573
2023-07-28,บางนา,2,8.650582275572262
2023-07-28,บางพลัด,8,12.368974829182662
2023-07-28,บางรัก,3,15.305980098593622
2023-07-28,ปทุมวัน,13,18.062345027152915
2023-07-28,ภาษีเจริญ,21,9.51148107224875
2023-07-28,มีนบุรี,3,11.332219053656896
2023-07-28,ราษฎร์บูรณะ,4,6.4495446503633715
2023-07-28,ลาดพร้าว,9,9.506201364546266
2023-07-28,สายไหม,8,10.167158579472526
2023-07-28,หนองจอก,9,12.990306452593819
2023-07-29,คลองสาน,3,6.973120918295182
2023-07-29,จอมทอง,2,14.143436505264457
2023-07-29,ทวีวัฒนา,5,6.973120918295182
2023-07-29,บางขุนเทียน,9,14.328175692310689
2023-07-29,บึงกุ่ม,6,7.82913551122415
2023-07-29,สวนหลวง,8,14.012422606279042
2023-07-29,สัมพันธวงศ์,2,5.993413451159151
2023-07-29,หนองจอก,7,9.594737603100246
2023-07-30,คลองสาน,2,5.929821811125803
2023-07-30,บางขุนเทียน,6,13.623858338617453
2023-07-30,บางซื่อ,6,12.376375514152787
2023-07-30,บางรัก,7,11.116812630481483
2023-07-30,ประเวศ,20,14.904385892480112
2023-07-30,ป้อมปราบศัตรูพ่าย,6,10.771277984149739
2023-07-30,พญาไท,8,7.647492673127717
2023-07-30,สัมพันธวงศ์,3,5.698756303610152
2023-07-30,สาทร,7,8.052659373822651
2023-07-30,หลักสี่,1,8.059298669522919
2023-07-31,คลองเตย,15,23.52949552057894
2023-07-31,จตุจักร,18,18.149411984893106
2023-07-31,ดอนเมือง,3,6.930221695189464
2023-07-31,ธนบุรี,11,8.70887677078479
2023-07-31,บางคอแหลม,7,6.942627180367273
2023-07-31,พระโขนง,4,7.317507702139842
2023-07-31,ลาดกระบัง,28,14.527297476885721
2023-07-31,หนองแขม,2,6.451510317569372
2023-08-01,คลองสาน,7,6.260293654859651
2023-08-01,บางบอน,12,6.204885936277314
2023-08-01,บางพลัด,10,10.001023784821282
2023-08-01,ประเวศ,8,17.747745645623365
2023-08-01,พระโขนง,3,7.5416441672664245
2023-08-01,ลาดกระบัง,23,21.21475137494495
2023-08-01,ลาดพร้าว,12,7.506951467733215
2023-08-02,คลองสาน,5,6.975102748321636
2023-08-02,บางคอแหลม,7,9.602380662109402
2023-08-02,บางรัก,18,10.423237216410161
2023-08-02,บางเขน,17,13.310466277706292
2023-08-02,พญาไท,6,10.384308927132341
2023-08-02,ราษฎร์บูรณะ,3,6.121414302566096
2023-08-02,ลาดพร้าว,10,11.505155712962381
2023-08-02,สายไหม,8,8.32433410445163
2023-08-02,หนองแขม,6,10.376963950299679
2023-08-03,จอมทอง,7,7.539553544681856
2023-08-03,ดอนเมือง,7,7.682137526620849
2023-08-03,ดินแดง,17,17.91285191412346
2023-08-03,ธนบุรี,13,10.5986459915417
2023-08-03,บางซื่อ,13,13.49453583343618
2023-08-03,พญาไท,12,8.64542832857241
2023-08-03,ราชเทวี,7,12.994701133425725
2023-08-03,ราษฎร์บูรณะ,4,6.121414302566096
2023-08-03,สัมพันธวงศ์,5,6.095487708734021
2023-08-03,สายไหม,12,8.642963552781977
2023-08-03,หนองจอก,7,8.36035239584866
2023-08-04,คลองเตย,25,20.45796034805843
2023-08-04,ดินแดง,13,14.192584299125338
2023-08-04,ตลิ่งชัน,7,8.394944851205004
2023-08-04,ธนบุรี,17,11.468344318698623
2023-08-04,บางเขน,11,16.627052416837323
2023-08-04,พระนคร,11,8.795897086938751
2023-08-04,พระโขนง,4,8.612169343787667
2023-08-04,สาทร,6,10.593544476225913
2023-08-04,หนองจอก,10,8.394944851205004
2023-08-05,ตลิ่งชัน,13,8.372293323269243
2023-08-05,บางกอกน้อย,5,10.934432839549888
2023-08-05,บางคอแหลม,6,12.413675973489777
2023-08-05,บางรัก,8,13.988181299030089
2023-08-05,ปทุมวัน,12,17.18861023770419
2023-08-05,พระนคร,9,10.917712697947078
2023-08-05,มีนบุรี,8,8.31247719253903
2023-08-05,ราษฎร์บูรณะ,3,6.936151009322946
2023-08-05,ลาดกระบัง,14,16.52344296708976
2023-08-05,วังทองหลาง,9,11.702848030881828
2023-08-05,หลักสี่,4,11.60725204610262
2023-08-06,ดุสิต,2,14.27874804221434
2023-08-06,บางเขน,17,24.44368628200648
2023-08-06,บึงกุ่ม,12,7.476160529500139
2023-08-06,ปทุมวัน,22,14.69810069236766
2023-08-06,ประเวศ,18,19.708242293368606
2023-08-06,พระโขนง,5,11.33548886310936
2023-08-06,ลาดพร้าว,10,10.119682167633286
2023-08-06,สะพานสูง,13,8.518008411535297
2023-08-07,คลองสามวา,10,12.561047309677273
2023-08-07,คันนายาว,3,6.421402783068783
2023-08-07,บางขุนเทียน,8,12.371835640471142
2023-08-07,บางนา,6,7.758015568686022
2023-08-07,บางเขน,12,16.182266885019995
2023-08-07,พญาไท,15,8.535811804401433
2023-08-07,พระโขนง,11,7.744706039206209
2023-08-07,ลาดกระบัง,21,16.257269073456516
2023-08-07,วัฒนา,17,17.00463510084607
2023-08-07,สายไหม,9,8.32579230661305
2023-08-07,หลักสี่,7,12.079670741288405
2023-08-08,คลองสาน,4,6.1664837614990216
2023-08-08,คลองสามวา,7,10.173289464752656
2023-08-08,ปทุมวัน,28,16.654643719353867
2023-08-08,วัฒนา,24,17.2462472437698
2023-08-08,สะพานสูง,4,9.720199177762353
2023-08-08,สาทร,11,12.785007902002393
2023-08-08,หนองแขม,5,7.160953957929573
2023-08-08,หลักสี่,7,8.29697669168815
2023-08-08,ห้วยขวาง,14,14.740607561852283
2023-08-09,คลองสามวา,10,8.469576601179972
2023-08-09,จตุจักร,14,26.580759323575545
2023-08-09,บางกรวย,1,5.919983474988156
2023-08-09,บางคอแหลม,6,7.718587665458715
2023-08-09,ภาษีเจริญ,3,9.983851202978807
2023-08-09,ราษฎร์บูรณะ,3,10.712065970416571
2023-08-09,วังทองหลาง,2,9.771372489532286
2023-08-09,วัฒนา,8,20.461083525857713
2023-08-09,สวนหลวง,8,14.058001784114333
2023-08-09,หลักสี่,5,8.29697669168815
2023-08-10,คลองสาน,6,6.211728018049877
2023-08-10,ดินแดง,10,14.321240601513546
2023-08-10,ตลิ่งชัน,4,7.5895941968883225
2023-08-10,ทวีวัฒนา,17,6.231464034778741
2023-08-10,บางขุนเทียน,18,17.257510562073293
2023-08-10,บางคอแหลม,8,7.697361010114911
2023-08-10,บางซื่อ,14,10.129043642801085
2023-08-10,บางบอน,17,6.4112393210373
2023-08-10,บึงกุ่ม,11,10.26285028817696
2023-08-10,ป้อมปราบศัตรูพ่าย,16,12.28887528755359
2023-08-10,พญาไท,8,11.545736706053097
2023-08-10,พระนคร,9,8.095236655719095
2023-08-10,ยานนาวา,4,7.5998446391326295
2023-08-10,ราชเทวี,14,16.148586188940428
2023-08-11,คลองสามวา,13,12.100571637895882
2023-08-11,ดอนเมือง,4,7.982487899786063
2023-08-11,ตลิ่งชัน,16,7.446537626677052
2023-08-11,บางคอแหลม,6,8.00331235733748
2023-08-11,บางบอน,14,12.245393457335254
2023-08-11,บางพลัด,9,7.712750705598042
2023-08-11,บึงกุ่ม,6,10.090294942445917
2023-08-11,พญาไท,13,8.66575721885951
2023-08-11,ราชเทวี,9,14.67452191304468
2023-08-11,สะพานสูง,3,9.449882023350288
2023-08-12,คลองสามวา,11,11.83178437553509
2023-08-12,คลองเตย,7,17.383908595151077
2023-08-12,ดุสิต,4,6.044758459635515
2023-08-12,บางกะปิ,9,16.20610675593852
2023-08-12,ปทุมวัน,14,16.587730560332467
2023-08-12,พระนคร,21,12.27848054554742
2023-08-12,ภาษีเจริญ,11,9.943132019953048
2023-08-12,ราชเทวี,11,12.569234000966073
2023-08-12,สาทร,5,11.946325872740037
2023-08-12,หนองแขม,5,5.975825568953592
2023-08-13,จตุจักร,17,20.51179400690112
2023-08-13,ดุสิต,3,6.1044956863117275
2023-08-13,ทวีวัฒนา,12,5.990849717222917
2023-08-13,บางกอกใหญ่,2,5.788873741916883
2023-08-13,บางเขน,13,13.1338403714776
2023-08-13,พญาไท,4,9.154125251344684
2023-08-13,ลาดกระบัง,10,16.62256815522023
2023-08-13,ลาดพร้าว,3,9.63655216737938
2023-08-13,สัมพันธวงศ์,3,5.589274257894302
2023-08-14,คลองสาน,5,5.883682117253995
2023-08-14,ดินแดง,5,14.880585214914746
2023-08-14,ดุสิต,7,6.048128331915569
2023-08-14,บางคอแหลม,8,9.589229873121024
2023-08-14,บางซื่อ,17,13.060310979835553
2023-08-14,บางแค,10,15.40808249218205
2023-08-14,มีนบุรี,9,7.312018541819512
2023-08-14,ราษฎร์บูรณะ,17,5.794331929883929
2023-08-14,หนองแขม,1,5.989890081409095
2023-08-15,จอมทอง,9,10.876642681849116
2023-08-15,ดุสิต,6,6.847075882738996
2023-08-15,ทวีวัฒนา,5,5.854912660047722
2023-08-15,ทุ่งครุ,2,5.748704695892622
2023-08-15,บางกอกน้อย,4,7.65375738804205
2023-08-15,บางขุนเทียน,11,32.286705073392326
2023-08-15,บางบอน,16,7.452832782154905
2023-08-15,บางแค,7,15.352935488536724
2023-08-15,ปทุมวัน,13,14.404969579851969
2023-08-15,มีนบุรี,12,9.5653587842518
2023-08-15,ราษฎร์บูรณะ,3,12.645425556515498
2023-08-15,สะพานสูง,9,7.12360967917377
2023-08-15,สัมพันธวงศ์,2,5.92311410882439
2023-08-15,สาทร,15,10.609600488424162
2023-08-15,หลักสี่,8,11.906661864224333
2023-08-15,ห้วยขวาง,15,11.979957856488339
2023-08-16,คลองสาน,7,6.138601138823756
2023-08-16,จตุจักร,39,33.93261404169807
2023-08-16,ทวีวัฒนา,3,6.244809102978856
2023-08-16,บางซื่อ,15,14.101662113248647
2023-08-16,ประเวศ,6,17.536986087840468
2023-08-16,พญาไท,18,11.390833993872516
2023-08-16,มีนบุรี,20,11.082725665617833
2023-08-16,ลาดกระบัง,15,17.419293274471762
2023-08-16,ลาดพร้าว,3,7.973543982177141
2023-08-16,สะพานสูง,13,8.959471488390975
2023-08-16,สัมพันธวงศ์,1,5.637130858410731
2023-08-16,สายไหม,13,13.122415700854225
2023-08-16,ห้วยขวาง,15,14.433760126550093
2023-08-17,คลองสาน,6,6.765268497231396
2023-08-17,คลองสามวา,11,12.154578289094994
2023-08-17,คลองเตย,23,18.112401695854793
2023-08-17,จอมทอง,6,7.838591656156386
2023-08-17,ดอนเมือง,10,7.351497553977441
2023-08-17,ดุสิต,7,6.8258492273951905
2023-08-17,บางพลัด,6,10.335140721209596
2023-08-17,ประเวศ,12,14.566614888688713
2023-08-17,ป้อมปราบศัตรูพ่าย,4,8.511636829425163
2023-08-17,ราษฎร์บูรณะ,11,5.898245122401403
2023-08-17,สัมพันธวงศ์,1,5.533217665893257
2023-08-18,ดุสิต,1,6.805325914947365
2023-08-18,ธนบุรี,14,12.000001395072758
2023-08-18,บางกะปิ,12,14.030908945030934
2023-08-18,บางรัก,9,12.783386445138714
2023-08-18,ป้อมปราบศัตรูพ่าย,7,7.3920418887659505
2023-08-18,พระนคร,25,8.432276878714887
2023-08-18,ราชเทวี,11,14.769777107948366
2023-08-18,วังทองหลาง,9,10.109939378182872
2023-08-18,สายไหม,9,8.453358121922985
2023-08-19,บางคอแหลม,6,6.848437610324858
2023-08-19,บางบอน,4,6.111191404767502
2023-08-19,มีนบุรี,9,13.179080826270186
2023-08-19,ยานนาวา,7,10.103205512173105
2023-08-19,ราชเทวี,10,12.720925972226862
2023-08-19,สวนหลวง,14,12.39806917298186
2023-08-19,สายไหม,13,9.363977177571
2023-08-19,หนองจอก,15,12.432028644296281
2023-08-19,หนองแขม,2,6.062297516379828
2023-08-20,ดอนเมือง,5,8.133366844450551
2023-08-20,ดินแดง,9,11.285799680016705
2023-08-20,ตลิ่งชัน,23,8.183949158295153
2023-08-20,ธนบุรี,6,9.817786131562205
2023-08-20,บึงกุ่ม,13,10.44192408090592
2023-08-20,พระโขนง,1,7.94647309517636
2023-08-20,ภาษีเจริญ,13,8.041055791670633
2023-08-20,วังทองหลาง,7,7.521391704314778
2023-08-20,หนองแขม,1,5.959785488379018
2023-08-20,ห้วยขวาง,11,13.39158370482843
2023-08-21,ทวีวัฒนา,8,7.513413512318699
2023-08-21,บางกะปิ,17,25.80184762277055
2023-08-21,สวนหลวง,11,13.22461578819004
2023-08-21,สายไหม,6,11.558606858101689
2023-08-21,ห้วยขวาง,8,12.438898367056144
2023-08-22,ดอนเมือง,10,13.061936860137925
2023-08-22,บางรัก,12,20.7814724617553
2023-08-22,ปทุมวัน,19,17.430670909009564
2023-08-22,พระนคร,33,21.091316273434934
2023-08-22,ราษฎร์บูรณะ,4,12.332061786054629
2023-08-22,สวนหลวง,19,13.344871424239694
2023-08-22,ห้วยขวาง,13,11.979957856488339
2023-08-23,คลองสามวา,11,14.418349416891491
2023-08-23,จตุจักร,36,26.65079477288657
2023-08-23,ดอนเมือง,8,9.467224713952056
2023-08-23,ดินแดง,16,12.267398104074577
2023-08-23,ดุสิต,5,6.971616627298923
2023-08-23,ตลิ่งชัน,17,12.494472514405505
2023-08-23,บางบอน,6,5.941290312247419
2023-08-23,บางรัก,14,13.131416892364896
2023-08-23,พระนคร,23,22.826740328562174
2023-08-23,หนองแขม,1,6.1144308259690225
2023-08-24,คลองสามวา,12,10.642054585632184
2023-08-24,บางกะปิ,18,16.675365693633687
2023-08-24,บางนา,8,7.518441310351053
2023-08-24,บึงกุ่ม,11,12.940291608024221
2023-08-24,ปทุมวัน,15,17.50026243824809
2023-08-24,พระโขนง,7,8.207656707094433
2023-08-24,ภาษีเจริญ,11,8.447150985315163
2023-08-24,ยานนาวา,8,8.302239403588707
2023-08-24,วัฒนา,13,16.682901719664343
2023-08-24,สาทร,10,10.000441352176173
2023-08-24,สายไหม,8,8.120399111516614
2023-08-24,ห้วยขวาง,10,11.828430713268336
2023-08-24,เมืองภูเก็ต,2,5.918239189137679
2023-08-25,ดอนเมือง,13,6.869432701851184
2023-08-25,ดุสิต,5,9.084580551557131
2023-08-25,ธนบุรี,4,8.71113094039168
2023-08-25,บึงกุ่ม,3,10.20233859377995
2023-08-25,ลาดพร้าว,6,11.844032820707053
2023-08-25,สวนหลวง,17,15.16669441715644
2023-08-25,สายไหม,7,8.431839797251559
2023-08-26,คลองเตย,43,16.747684791881607
2023-08-26,คันนายาว,5,6.221248172580004
2023-08-26,ดอนเมือง,8,11.016859236911394
2023-08-26,ทุ่งครุ,2,5.936341910257313
2023-08-26,บางกอกน้อย,9,7.762933315258816
2023-08-26,บางกะปิ,8,13.238474245461779
2023-08-26,บางขุนเทียน,19,15.744415487671299
2023-08-26,บางรัก,7,14.229912762221076
2023-08-26,บางเขน,33,16.27659310988482
2023-08-26,บึงกุ่ม,7,7.064367625713598
2023-08-26,พญาไท,8,13.184024652944098
2023-08-26,พระโขนง,7,8.44534145968499
2023-08-26,มีนบุรี,11,9.919240875094463
2023-08-26,สะพานสูง,11,7.701257744294395
2023-08-26,หลักสี่,13,7.413508748195707
2023-08-27,คลองสาน,3,9.553742093363152
2023-08-27,จตุจักร,6,27.10793667778047
2023-08-27,ดอนเมือง,4,7.926601241267309
2023-08-27,ดุสิต,13,5.973897457030075
2023-08-27,ธนบุรี,9,10.272355087419937
2023-08-27,บางแค,9,14.977885009814978
2023-08-27,ป้อมปราบศัตรูพ่าย,6,8.085019702888754
2023-08-27,พระโขนง,3,8.017703209876618
2023-08-27,ยานนาวา,7,7.244495188394343
2023-08-27,ลาดพร้าว,6,10.44773720338836
2023-08-27,สวนหลวง,8,13.083116461596745
2023-08-28,คลองสามวา,15,17.471319524839494
2023-08-28,คันนายาว,4,5.8587614637051235
2023-08-28,จอมทอง,11,9.537861879367462
2023-08-28,ทวีวัฒนา,9,6.1553545678039345
2023-08-28,ธนบุรี,18,9.795462046785632
2023-08-28,บางกะปิ,20,17.746782061587147
2023-08-28,บางซื่อ,12,10.131720888383255
2023-08-28,บางบอน,6,6.248657906636257
2023-08-28,บางรัก,12,10.443101474214636
2023-08-28,บึงกุ่ม,13,9.05982432462371
2023-08-28,ปทุมวัน,21,14.413362379954602
2023-08-28,ประเวศ,17,18.210893409589872
2023-08-28,สะพานสูง,3,6.982517749866828
2023-08-28,สัมพันธวงศ์,3,5.643274433705758
2023-08-28,สายไหม,9,13.37460053471222
2023-08-28,หนองแขม,8,6.099946849221597
2023-08-29,คลองเตย,22,17.12038441664043
2023-08-29,จอมทอง,7,10.144847399715298
2023-08-29,บางขุนเทียน,16,13.845211104696352
2023-08-29,ป้อมปราบศัตรูพ่าย,11,13.158060286755937
2023-08-29,พระนคร,10,10.76709769963207
2023-08-29,ราชเทวี,17,13.132698927819655
2023-08-29,ลาดกระบัง,22,16.662660108966346
2023-08-29,สาทร,9,10.069177567190406
2023-08-30,คันนายาว,5,5.993738885066497
2023-08-30,ดินแดง,11,12.19530501917201
2023-08-30,ดุสิต,7,7.472252804551007
2023-08-30,บางกอกใหญ่,2,5.9533785924979
2023-08-30,ปทุมวัน,22,17.620072569506707
2023-08-30,วัฒนา,14,17.020423561130848
2023-08-31,ดอนเมือง,22,8.87000276590249
2023-08-31,ดินแดง,15,12.528495513590522
2023-08-31,ตลิ่งชัน,9,8.47766220699837
2023-08-31,บางกอกน้อย,10,12.15740881866657
2023-08-31,บางคอแหลม,2,7.860130509565119
2023-08-31,ประเวศ,14,18.00994643588148
2023-08-31,พระนคร,21,10.145645951351245
2023-08-31,ราษฎร์บูรณะ,5,6.8753252650439
2023-08-31,ลาดกระบัง,19,14.07274026917031
2023-08-31,สาทร,11,8.47766220699837
2023-09-01,คลองสาน,4,6.172676526879533
2023-09-01,จอมทอง,9,7.522151411310898
2023-09-01,ธนบุรี,6,11.246246438857037
2023-09-01,บางกอกใหญ่,7,6.8150316890813345
2023-09-01,บางกะปิ,12,17.089672365392527
2023-09-01,บางรัก,7,13.947275694035195
2023-09-01,บึงกุ่ม,26,7.884169962000998
2023-09-01,ยานนาวา,9,8.74336082551126
2023-09-01,ราษฎร์บูรณะ,3,6.338280981972316
2023-09-01,สะพานสูง,20,7.874009229549723
2023-09-01,หลักสี่,1,7.723193626710982
2023-09-01,ห้วยขวาง,12,13.659494946840104
2023-09-02,ดินแดง,12,11.573548339727484
2023-09-02,ตลิ่งชัน,18,8.353133446628583
2023-09-02,ทวีวัฒนา,5,6.015916380897772
2023-09-02,ธนบุรี,4,8.57517964302787
2023-09-02,บางกอกใหญ่,5,6.698019509968036
2023-09-02,บางกะปิ,28,14.746465576769594
2023-09-02,บางพลัด,9,7.942572672540085
2023-09-02,พระนคร,12,12.465548595571155
2023-09-02,พระโขนง,14,7.502978399804476
2023-09-02,ภาษีเจริญ,11,7.787221578903752
2023-09-02,ราชเทวี,8,11.329571565915314
2023-09-02,ราษฎร์บูรณะ,3,6.071339961897699
2023-09-02,สะพานสูง,5,13.160382798218384
2023-09-03,จอมทอง,4,6.733717745051878
2023-09-03,ทวีวัฒนา,7,6.413295328165067
2023-09-03,ทุ่งครุ,3,6.043756625989216
2023-09-03,ธนบุรี,9,7.652877663557322
2023-09-03,บางขุนเทียน,17,13.937873280315552
2023-09-03,บางซื่อ,5,10.420598776774536
2023-09-03,บางนา,3,9.976973955734612
2023-09-03,บางรัก,5,11.611238601694543
2023-09-03,บางแค,10,14.837860514828899
2023-09-03,พญาไท,6,8.791852055079199
2023-09-03,พระโขนง,6,11.41506034283728
2023-09-03,ภาษีเจริญ,8,10.418678792999724
2023-09-03,ยานนาวา,15,8.919037314119795
2023-09-03,วังทองหลาง,8,8.928612845877906
2023-09-03,วัฒนา,17,11.591886800117976
2023-09-03,สาทร,15,7.880701405360924
2023-09-03,สายไหม,9,8.883617647447275
2023-09-03,หนองจอก,9,7.475684367706054
2023-09-03,หนองแขม,9,7.072753710022961
2023-09-04,คลองเตย,23,14.318550512938767
2023-09-04,บางซื่อ,14,9.389355669587514
2023-09-04,ปากเกร็ด,1,6.287494053300655
2023-09-04,พระนคร,26,10.3091707401753
2023-09-04,ราษฎร์บูรณะ,8,6.272862540582969
2023-09-04,วังทองหลาง,8,8.733851916679718
2023-09-04,วัฒนา,16,17.117150930900145
2023-09-04,สวนหลวง,17,13.187216221141075
2023-09-04,สะพานสูง,6,7.096142019254565
2023-09-04,สาทร,20,12.553085558029938
2023-09-04,หนองจอก,14,9.74630278208895
2023-09-04,ห้วยขวาง,8,11.761655489763669
2023-09-05,คลองสาน,6,6.292289793686776
2023-09-05,คลองสามวา,13,10.707794707232198
2023-09-05,ธนบุรี,11,11.969556878209069
2023-09-05,บางกอกใหญ่,1,5.8550399582319255
2023-09-05,บางพลัด,6,9.93231888083954
2023-09-05,พญาไท,13,12.842881746673527
2023-09-05,ยานนาวา,5,8.700092381253908
2023-09-05,ราษฎร์บูรณะ,11,7.477810278775259
2023-09-05,ลาดกระบัง,15,17.20776880048219
2023-09-05,วังทองหลาง,21,8.70966791301202
2023-09-05,หนองจอก,16,12.313596698686135
2023-09-06,คลองเตย,30,20.534806893237803
2023-09-06,ดอนเมือง,7,7.603282768057694
2023-09-06,ดินแดง,10,12.31099545608657
2023-09-06,ทุ่งครุ,1,6.152956601159791
2023-09-06,บางกอกใหญ่,2,5.856498160393345
2023-09-06,บางคอแหลม,7,13.215101081892566
2023-09-06,บางซื่อ,5,10.88613171402587
2023-09-06,บางนา,9,8.762149628192535
2023-09-06,บางพลัด,9,8.407084292811813
2023-09-06,บางแค,11,15.306138915397222
2023-09-06,ประเวศ,17,18.980908427235228
2023-09-06,พญาไท,17,12.138736441245417
2023-09-06,พระนคร,15,12.071258633888567
2023-09-06,มีนบุรี,8,13.74095166471713
2023-09-06,วัฒนา,10,17.757175247455393
2023-09-06,สายไหม,6,10.594766624297861
2023-09-06,หนองจอก,11,13.17937179988994
2023-09-06,หนองแขม,5,6.3145722838972285
2023-09-07,คลองสามวา,10,13.16834036861566
2023-09-07,คลองเตย,17,22.911336440312393
2023-09-07,ทุ่งครุ,5,6.0179791797984175
2023-09-07,บางกอกใหญ่,7,5.96041135291082
2023-09-07,บางคอแหลม,10,7.678201133474251
2023-09-07,บางนา,10,9.776626342837368
2023-09-07,บางเขน,12,16.724451178076503
2023-09-07,พระโขนง,7,9.73701400116779
2023-09-07,ราชเทวี,15,15.586773187380302
2023-09-07,ลาดพร้าว,7,8.412801750925578
2023-09-07,สะพานสูง,8,9.05439686738337
2023-09-07,ห้วยขวาง,7,13.860810058210458
2023-09-08,จอมทอง,5,6.757233858029705
2023-09-08,ดุสิต,2,8.387712513058355
2023-09-08,บางซื่อ,19,10.789381777009371
2023-09-08,บางนา,4,9.949572890920884
2023-09-08,บางรัก,14,14.430588627119874
2023-09-08,บางแค,9,15.34551196569287
2023-09-08,ป้อมปราบศัตรูพ่าย,4,9.54138553766701
2023-09-08,มีนบุรี,8,7.558522257307854
2023-09-08,ยานนาวา,6,11.724031879457682
2023-09-08,ลาดพร้าว,6,8.170907532071542
2023-09-08,วัฒนา,8,13.839300575594924
2023-09-08,สะพานสูง,7,8.18272479187763
2023-09-09,คลองสาน,3,9.316475608210535
2023-09-09,คลองสามวา,7,11.379218632798162
2023-09-09,ตลิ่งชัน,8,8.354591648790002
2023-09-09,ทวีวัฒนา,2,6.301802033751768
2023-09-09,ทุ่งครุ,3,6.275781304262835
2023-09-09,บางกะปิ,13,19.398125020188644
2023-09-09,บางขุนเทียน,15,16.868780822457897
2023-09-09,บางแค,7,15.704034324444493
2023-09-09,มีนบุรี,3,8.57126219227017
2023-09-09,ราษฎร์บูรณะ,5,9.174873124836298
2023-09-09,ลาดพร้าว,11,8.025070443941797
2023-09-09,หลักสี่,2,7.662139923996928
2023-09-10,คันนายาว,4,5.882065033815438
2023-09-10,จตุจักร,19,40.484819946753596
2023-09-10,ดุสิต,3,6.351024015302078
2023-09-10,ทวีวัฒนา,6,6.092186190488013
2023-09-10,บางกะปิ,9,15.451025555440244
2023-09-10,บางเขน,13,12.763524087053431
2023-09-10,บางแค,5,14.158942396393138
2023-09-10,บึงกุ่ม,6,7.823015553865656
2023-09-10,พระนคร,20,9.168615252523141
2023-09-10,ยานนาวา,15,11.473708299848337
2023-09-10,ลาดพร้าว,6,10.408307155725119
2023-09-10,วังทองหลาง,7,8.390965467680449
2023-09-10,วัฒนา,7,13.370275462009113
2023-09-10,สะพานสูง,4,7.265541355300618
2023-09-11,คลองสามวา,12,9.809846472256837
2023-09-11,จตุจักร,24,20.8431415016889
2023-09-11,จอมทอง,10,6.586102920208819
2023-09-11,ดอนเมือง,2,7.297674930833665
2023-09-11,ทวีวัฒนา,8,6.688975408315611
2023-09-11,บางกะปิ,23,13.592495763629818
2023-09-11,บางขุนเทียน,25,17.233557540801712
2023-09-11,บางรัก,10,10.479087596496843
2023-09-11,บางแค,13,13.940521016254603
2023-09-11,บึงกุ่ม,5,7.6100499398027965
2023-09-11,มีนบุรี,9,10.20968458761467
2023-09-11,ราชเทวี,18,15.729251525622882
2023-09-11,ลาดกระบัง,23,14.716476449210635
2023-09-11,วังทองหลาง,8,8.198841508970506
2023-09-11,วัฒนา,13,13.648482012931733
2023-09-11,สัมพันธวงศ์,3,5.535966408770946
2023-09-12,คลองสามวา,14,11.351589189676378
2023-09-12,จตุจักร,22,23.22409532148757
2023-09-12,จอมทอง,10,9.315229044264203
2023-09-12,ดินแดง,12,12.361599025067354
2023-09-12,ธนบุรี,13,7.338662055403357
2023-09-12,บางบอน,6,6.601904340571016
2023-09-12,บางเขน,16,16.937932624175787
2023-09-12,ปทุมวัน,22,17.362779527701584
2023-09-12,ประเวศ,3,15.895131890511564
2023-09-12,หลักสี่,3,6.877669438708708
2023-09-13,คลองเตย,16,14.23379503416968
2023-09-13,ตลิ่งชัน,5,9.526556524514872
2023-09-13,บางกอกใหญ่,7,5.660259318882476
2023-09-13,บางซื่อ,3,14.535841028637472
2023-09-13,ประเวศ,18,13.185724923942967
2023-09-13,พระประแดง,1,5.849607767177195
2023-09-13,พระโขนง,2,8.085182741237652
2023-09-13,ลาดพร้าว,10,8.294911665718715
2023-09-13,วัฒนา,11,14.236740193697688
2023-09-13,สวนหลวง,10,15.740646632237091
2023-09-13,สัมพันธวงศ์,2,5.795459321603805
2023-09-14,คลองสาน,4,5.724963101189511
2023-09-14,คลองเตย,26,17.442359082797175
2023-09-14,จตุจักร,28,22.383222516964388
2023-09-14,ดุสิต,8,5.97588126327732
2023-09-14,ตลิ่งชัน,5,7.573299909728429
2023-09-14,บางกอกน้อย,9,8.716664773849288
2023-09-14,พระโขนง,12,7.170706639225092
2023-09-14,มีนบุรี,7,8.480020655029133
2023-09-14,ราชเทวี,13,12.92191606048037
2023-09-14,สะพานสูง,5,8.808838040404629
2023-09-14,สัมพันธวงศ์,4,5.509476071190146
2023-09-14,สายไหม,8,9.815193058070006
2023-09-14,ห้วยขวาง,11,13.7833616710512
2023-09-15,คลองเตย,17,21.092441378914597
2023-09-15,บางพลัด,6,7.657975118324709
2023-09-15,บางแค,6,16.41249188751845
2023-09-15,ป้อมปราบศัตรูพ่าย,9,8.527069408140846
2023-09-15,มีนบุรี,7,8.238126436175097
2023-09-15,วังทองหลาง,22,11.264445728978693
2023-09-15,สัมพันธวงศ์,2,5.691393396439185
2023-09-15,หนองจอก,12,9.879101107205006
2023-09-16,คลองสามวา,4,12.34912481192635
2023-09-16,คลองเตย,12,17.29534891155714
2023-09-16,ดุสิต,15,5.972511390997267
2023-09-16,บึงกุ่ม,11,9.273644245976978
2023-09-16,ยานนาวา,6,9.95591806857357
2023-09-17,คลองสามวา,7,7.286198348295642
2023-09-17,ดินแดง,18,15.218216713426438
2023-09-17,ทุ่งครุ,7,6.68525375356368
2023-09-17,บางคอแหลม,6,9.755782443085256
2023-09-17,บางซื่อ,12,12.602011083782806
2023-09-17,บางบอน,5,5.713340044119368
2023-09-17,บางพลัด,8,7.626841601782798
2023-09-17,บางแค,9,14.379578353823277
2023-09-17,ปทุมวัน,14,16.21926621185637
2023-09-17,ป้อมปราบศัตรูพ่าย,5,10.698101999007958
2023-09-17,พระนคร,6,8.429432939125494
2023-09-17,หลักสี่,16,6.995022461171591
2023-09-18,คลองเตย,30,17.495709971342016
2023-09-18,บางขุนเทียน,21,12.953754554601531
2023-09-18,บางรัก,4,11.078264121909069
2023-09-18,พญาไท,12,10.021622197143714
2023-09-18,พระโขนง,13,7.170706639225092
2023-09-18,มีนบุรี,18,8.520889693469204
2023-09-18,สะพานสูง,5,7.9985583157867906
2023-09-18,สาทร,12,8.078340010762984
2023-09-18,สายไหม,9,7.191421658274218
2023-09-19,คลองสามวา,15,13.20800172767422
2023-09-19,คันนายาว,4,5.75602733003341
2023-09-19,ดุสิต,5,12.390254430401999
2023-09-19,ธนบุรี,11,10.424475415479566
2023-09-19,บางนา,4,9.964170700957713
2023-09-19,บางรัก,18,10.129176646242303
2023-09-19,บางแค,9,17.673106639257636
2023-09-19,ปทุมวัน,26,20.537647319024295
2023-09-19,พระนคร,19,11.778685573423548
2023-09-19,สวนหลวง,17,15.740646632237091
2023-09-20,ดอนเมือง,6,8.824591329676071
2023-09-20,บางกอกน้อย,12,8.31498412958314
2023-09-20,บางซื่อ,14,13.816029900716103
2023-09-20,บางนา,4,7.404033236580597
2023-09-20,บางรัก,16,15.130710039383214
2023-09-20,ราษฎร์บูรณะ,11,5.857062282607053
2023-09-20,สะพานสูง,16,6.995954891953184
2023-09-20,สายไหม,16,8.420832445269784
2023-09-20,หนองจอก,10,8.501247310372936
2023-09-20,หลักสี่,4,6.933077157291043
2023-09-20,ห้วยขวาง,13,12.371890324883418
2023-09-21,จอมทอง,8,6.559612582628018
2023-09-21,บางซื่อ,9,12.86123500615578
2023-09-21,บางพลัด,11,7.643752251636814
2023-09-21,บางรัก,17,15.034684310042858
2023-09-21,ป้อมปราบศัตรูพ่าย,10,8.215990278574122
2023-09-22,คลองสาน,9,6.620735102943179
2023-09-22,จอมทอง,17,7.771644495444349
2023-09-22,ตลิ่งชัน,6,7.587522776416324
2023-09-22,บางกอกน้อย,9,11.074534134448141
2023-09-22,บางขุนเทียน,10,16.0054919236807
2023-09-22,บางพลัด,12,10.144914132949214
2023-09-22,ภาษีเจริญ,5,7.33799491691952
2023-09-22,ลาดกระบัง,40,17.373372664120097
2023-09-22,วัฒนา,14,16.99673812135285
2023-09-22,สะพานสูง,17,13.179229829635664
2023-09-22,สัมพันธวงศ์,3,5.635985677856849
2023-09-22,สาทร,11,11.289245555160626
2023-09-22,สายไหม,10,10.425870438661528
2023-09-22,หนองแขม,3,6.096631003310443
2023-09-22,ห้วยขวาง,18,15.227823881764735
2023-09-23,จอมทอง,7,11.748020534129541
2023-09-23,ทวีวัฒนา,6,6.097512506168545
2023-09-23,บางกอกน้อย,16,9.423007643478247
2023-09-23,ปทุมวัน,27,16.995822568702373
2023-09-23,พญาไท,11,8.346491124492347
2023-09-23,ลาดพร้าว,12,9.644958691369702
2023-09-23,หนองแขม,35,5.947583665207228
2023-09-24,คันนายาว,9,5.81275292759359
2023-09-24,ธนบุรี,11,11.301904855022586
2023-09-24,บางซื่อ,10,11.196182911250045
2023-09-24,บางเขน,10,15.003560611733473
2023-09-24,ราชเทวี,21,15.198491562788584
2023-09-24,หนองจอก,19,11.87261254884018
2023-09-25,ดอนเมือง,8,9.201007824091462
2023-09-25,ดุสิต,14,11.14642603040689
2023-09-25,บางขุนเทียน,10,18.902916116215298
2023-09-25,บางแค,10,13.202631963591006
2023-09-25,ราชเทวี,29,16.363160544069164
2023-09-25,ลาดกระบัง,18,16.3548005930411
2023-09-25,สาทร,10,9.865698033661266
2023-09-26,คลองสาน,5,6.655769018453914
2023-09-26,ตลิ่งชัน,29,21.695133416832824
2023-09-26,ทุ่งครุ,4,5.809892007916306
2023-09-26,บางกอกใหญ่,7,6.643052203238784
2023-09-26,บางกะปิ,14,13.50963467163093
2023-09-26,บางขุนเทียน,20,13.189121439236086
2023-09-26,ป้อมปราบศัตรูพ่าย,16,13.865954057896625
2023-09-26,พญาไท,18,9.95839575929011
2023-09-26,หลักสี่,5,6.931534116591604
2023-09-27,ตลิ่งชัน,16,21.945603681590303
2023-09-27,ทวีวัฒนา,6,7.314521098553023
2023-09-27,บางแค,15,19.39278307637183
2023-09-27,ยานนาวา,20,12.010141274642006
2023-09-27,สะพานสูง,5,11.390494117443021
2023-09-27,ห้วยขวาง,14,11.85364428951082
2023-09-28,ดินแดง,25,12.956099844635158
2023-09-28,ดุสิต,4,12.103417926859372
2023-09-28,ทุ่งครุ,3,5.865299726498643
2023-09-28,บางพลัด,8,8.131015031038348
2023-09-28,บางรัก,17,11.412528770731377
2023-09-28,ประเวศ,25,15.931610348860568
2023-09-28,พญาไท,11,12.389733790740957
2023-09-28,พระนคร,14,10.998946344945267
2023-09-28,ยานนาวา,13,13.440433930219772
2023-09-28,วังทองหลาง,11,8.366890573755583
2023-09-28,สวนหลวง,20,13.166516015953345
2023-09-28,สะพานสูง,4,7.04981956983608
2023-09-28,สัมพันธวงศ์,1,5.594404977916942
2023-09-28,หนองแขม,7,5.885035743227508
2023-09-28,ห้วยขวาง,14,13.957018414233366
2023-09-29,บางกะปิ,10,13.99899751571821
2023-09-29,บางซื่อ,7,11.47026603759881
2023-09-29,ปทุมวัน,17,20.627574319903676
2023-09-29,ลาดพร้าว,5,8.085655469403772
2023-09-29,หลักสี่,4,7.252313398981277
2023-09-30,คันนายาว,4,5.8874724544684955
2023-09-30,จอมทอง,14,7.67128255290756
2023-09-30,ดุสิต,8,11.75206069202621
2023-09-30,บางกอกใหญ่,2,5.847112161899899
2023-09-30,บางซื่อ,11,9.49559161954602
2023-09-30,บางเขน,8,15.507730098049336
2023-09-30,บึงกุ่ม,6,8.707444877954691
2023-09-30,พญาไท,4,11.841553606940751
2023-09-30,ราษฎร์บูรณะ,5,5.933099688459803
2023-09-30,สายไหม,8,10.362644000807924
2023-09-30,หนองจอก,19,12.2688804219196
2023-09-30,ห้วยขวาง,7,13.71915187789077
2023-10-01,คลองสาน,4,5.8402387671747436
2023-10-01,ตลิ่งชัน,24,10.233268846957891
2023-10-01,บางขุนเทียน,15,17.168811794612388
2023-10-01,บางซื่อ,11,11.115465734202651
2023-10-01,บางเขน,12,12.229824725008779
2023-10-01,ยานนาวา,5,8.141120576034224
2023-10-01,วัฒนา,18,15.770562308645827
2023-10-02,คลองเตย,20,20.219094726983833
2023-10-02,จอมทอง,4,6.700122228026167
2023-10-02,ดอนเมือง,13,13.956326801382934
2023-10-02,ตลิ่งชัน,6,15.463463986848467
2023-10-02,ทุ่งครุ,1,5.867954812267614
2023-10-02,ประเวศ,30,23.856986471472332
2023-10-02,ภาษีเจริญ,7,8.092437220517171
2023-10-02,ราชเทวี,19,14.656292333364917
2023-10-02,สวนหลวง,38,15.550627179723094
2023-10-02,หลักสี่,9,9.647273335256688
2023-10-03,ดินแดง,11,14.402978569779103
2023-10-03,ดุสิต,14,6.876821485519803
2023-10-03,บางกอกน้อย,30,25.21590670238699
2023-10-03,บางพลัด,29,20.10971989452187
2023-10-03,บางรัก,17,12.817823345410863
2023-10-03,บางเขน,12,15.975084557962859
2023-10-03,ปทุมวัน,26,28.38079024042485
2023-10-03,ประเวศ,24,25.07659541739594
2023-10-03,ภาษีเจริญ,21,8.06825321684947
2023-10-03,ลาดพร้าว,6,9.552577549609008
2023-10-03,สะพานสูง,6,6.775748160458123
2023-10-03,สาทร,12,10.343421448726556
2023-10-03,เมืองสมุทรปราการ,1,5.359447378946658
2023-10-04,คลองเตย,29,21.215961003084637
2023-10-04,ดอนเมือง,5,7.352653806624569
2023-10-04,ดินแดง,13,11.95263452542277
2023-10-04,บางกอกน้อย,14,21.4034836106953
2023-10-04,บางกะปิ,13,13.484812914497477
2023-10-04,บางแค,18,20.470642328376094
2023-10-04,ป้อมปราบศัตรูพ่าย,18,19.1858109552848
2023-10-04,หนองแขม,6,8.319698319630776
2023-10-05,จอมทอง,7,7.18884316934177
2023-10-05,บางกอกใหญ่,7,10.287413801288109
2023-10-05,บางกะปิ,13,15.806103903059554
2023-10-05,บางซื่อ,11,17.0509802270685
2023-10-05,ประเวศ,34,31.836036780438416
2023-10-05,ป้อมปราบศัตรูพ่าย,14,12.775296277356041
2023-10-05,สาทร,18,9.741296660402565
2023-10-05,สายไหม,9,9.445755953530771
2023-10-05,หนองแขม,8,6.865279480577366
2023-10-05,หลักสี่,7,9.995073943093574
2023-10-06,คลองเตย,26,20.959275769853456
2023-10-06,คันนายาว,6,9.210559688240021
2023-10-06,ดอนเมือง,6,9.282506352783827
2023-10-06,ทวีวัฒนา,29,7.240993847198562
2023-10-06,ทุ่งครุ,4,6.780201361055549
2023-10-06,บางกอกน้อย,11,25.13550831047622
2023-10-06,บางกอกใหญ่,4,6.618720341650476
2023-10-06,บางคอแหลม,9,20.374361190317916
2023-10-06,บางบอน,2,5.849772243230189
2023-10-06,บางเขน,18,15.538641620292841
2023-10-06,บึงกุ่ม,7,7.520899368314227
2023-10-06,ปทุมวัน,50,30.34116066422029
2023-10-06,ประเวศ,31,29.66700356005744
2023-10-06,พระโขนง,7,7.351430993737088
2023-10-06,ลาดกระบัง,17,20.83773340954439
2023-10-06,สวนหลวง,17,14.402089544267488
2023-10-07,คลองสาน,3,7.173526695426344
2023-10-07,ดินแดง,12,13.67857270532835
2023-10-07,ดุสิต,6,11.801238645419776
2023-10-07,บางบอน,8,5.800843083115675
2023-10-07,ปทุมวัน,12,33.68100158700561
2023-10-07,มีนบุรี,9,11.253886004947944
2023-10-07,วังทองหลาง,6,11.650190045409493
2023-10-07,หลักสี่,4,9.268125697696782
2023-10-08,ดุสิต,9,6.822249545904039
2023-10-08,บางเขน,8,15.241146595978284
2023-10-08,บางแค,14,13.849483949605997
2023-10-08,บึงกุ่ม,7,6.973700185031437
2023-10-08,ปทุมวัน,11,14.017179627053034
2023-10-08,ประเวศ,15,16.627045427148012
2023-10-08,พระโขนง,11,7.3131765368628505
2023-10-08,ราชเทวี,12,12.23198059043416
2023-10-08,ลาดพร้าว,2,6.933034126655476
2023-10-08,สะพานสูง,3,9.026942712779066
2023-10-09,บางขุนเทียน,27,20.458557371740497
2023-10-09,บางซื่อ,19,13.642902092245171
2023-10-09,บางเขน,11,12.804668084261214
2023-10-09,บางแค,12,16.747941565172916
2023-10-09,บึงกุ่ม,6,7.507533568301686
2023-10-09,พระโขนง,10,10.092834958373233
2023-10-09,ราษฎร์บูรณะ,3,5.845198355949545
2023-10-09,ลาดกระบัง,10,13.213079693095796
2023-10-09,วังทองหลาง,11,8.09981328935968
2023-10-09,วัฒนา,19,14.069356562309611
2023-10-09,สะพานสูง,12,6.655785634801798
2023-10-10,บางกอกใหญ่,9,5.617331163381069
2023-10-10,บางซื่อ,16,14.177002792157069
2023-10-10,บางพลัด,8,8.55502276793105
2023-10-10,ป้อมปราบศัตรูพ่าย,27,19.097403890879686
2023-10-10,พระนคร,14,8.368214430303436
2023-10-10,ภาษีเจริญ,6,7.940328980311712
2023-10-10,มีนบุรี,5,11.406389446956938
2023-10-11,คลองสามวา,4,10.423951016525388
2023-10-11,ดอนเมือง,7,6.251717283118244
2023-10-11,บางกะปิ,17,13.355054633367567
2023-10-11,บางนา,12,11.251275823410703
2023-10-11,บางบอน,12,5.838854800354943
2023-10-11,บางรัก,9,15.142344242278146
2023-10-11,ประเวศ,36,23.577016580545706
2023-10-11,สะพานสูง,5,9.202317161365212
2023-10-11,สาทร,10,9.490154619843729
2023-10-11,สายไหม,11,9.695704929854262
2023-10-11,หนองจอก,16,13.631363850905803
2023-10-11,ห้วยขวาง,12,11.159277686846059
2023-10-12,คลองสาน,9,5.526381212360483
2023-10-12,คลองสามวา,12,7.045848568286859
2023-10-12,คันนายาว,3,8.204651381243313
2023-10-12,จตุจักร,38,22.14884895372879
2023-10-12,ตลิ่งชัน,9,16.810297982285054
2023-10-12,บางคอแหลม,33,19.183843127515942
2023-10-12,พระนคร,9,8.476617640502955
2023-10-12,พระโขนง,6,7.834692537428761
2023-10-12,มีนบุรี,7,10.813675955809847
2023-10-12,ยานนาวา,3,8.205761908133415
2023-10-12,ลาดพร้าว,3,11.460298056783847
2023-10-12,หลักสี่,14,7.967637900074922
2023-10-13,คันนายาว,5,5.652890819027186
2023-10-13,ตลิ่งชัน,12,9.26738739036763
2023-10-13,ทวีวัฒนา,3,6.552243505906995
2023-10-13,ทุ่งครุ,3,5.517913397665812
2023-10-13,บางกอกใหญ่,6,11.407236790133878
2023-10-13,บางคอแหลม,13,20.791743530128123
2023-10-13,บางบอน,30,6.469192309971191
2023-10-13,บึงกุ่ม,9,9.930201797801017
2023-10-13,ปทุมวัน,20,16.460043794634363
2023-10-13,สวนหลวง,17,12.159307310271586
2023-10-13,สะพานสูง,5,7.351100028926235
2023-10-13,หนองแขม,1,5.6674538241745935
2023-10-14,คลองเตย,26,17.581670816018697
2023-10-14,บางคอแหลม,18,11.296463117834277
2023-10-14,บางซื่อ,5,12.785071285792519
2023-10-14,บางพลัด,10,23.62697614520442
2023-10-14,พระโขนง,7,7.715213346343523
2023-10-14,หนองจอก,10,10.47121037978534
2023-10-15,ดุสิต,4,5.679204369951916
2023-10-15,ทุ่งครุ,1,5.54582238413424
2023-10-15,บางขุนเทียน,22,16.9492418170154
2023-10-15,บางคอแหลม,13,13.194782856035559
2023-10-15,พญาไท,2,12.122251263034077
2023-10-15,ราชเทวี,11,11.778963845442803
2023-10-15,ราษฎร์บูรณะ,6,5.591449618125547
2023-10-15,หนองแขม,5,11.448011410891118
2023-10-16,คันนายาว,4,5.526381212360483
2023-10-16,จอมทอง,9,6.196837990879654
2023-10-16,บางกะปิ,5,15.716745571095155
2023-10-16,บางซื่อ,11,10.80493685236318
2023-10-16,บางพลี,1,5.206980989843644
2023-10-16,บางเขน,13,15.97840106525057
2023-10-16,พญาไท,14,7.050651394380819
2023-10-16,ราชเทวี,16,12.742524635687479
2023-10-16,ราษฎร์บูรณะ,8,6.450361547599028
2023-10-16,สะพานสูง,10,7.3928499967178665
2023-10-16,หนองแขม,4,5.918572426929242
2023-10-17,คลองสาน,8,6.533412743534834
2023-10-17,คลองเตย,27,17.98851490261995
2023-10-17,ตลิ่งชัน,13,12.332437212009387
2023-10-17,ทวีวัฒนา,6,8.273387596257546
2023-10-17,บางกอกน้อย,9,12.670671280685385
2023-10-17,บางกะปิ,14,12.270324746207342
2023-10-17,บางพลัด,10,9.623957218051729
2023-10-17,บางเขน,12,15.183875249445995
2023-10-17,บางแค,9,16.673069461639816
2023-10-17,พญาไท,25,11.834302809741123
2023-10-17,สะพานสูง,6,9.32404774561918
2023-10-17,หนองแขม,3,5.7190611239418185
2023-10-17,ห้วยขวาง,11,11.859123967261489
2023-10-18,คลองเตย,22,20.616337202199627
2023-10-18,คันนายาว,4,5.557445441204382
2023-10-18,จอมทอง,7,7.529015146966721
2023-10-18,ธนบุรี,13,12.351825187408298
2023-10-18,บางกะปิ,18,15.716745571095155
2023-10-18,บางนา,9,10.44773989025236
2023-10-18,บางแค,22,14.661698668517223
2023-10-18,ยานนาวา,5,24.591699931652087
2023-10-18,ราชเทวี,26,21.712227201610137
2023-10-18,ราษฎร์บูรณะ,5,9.262452685391738
2023-10-18,ลาดกระบัง,16,17.101527487548733
2023-10-18,ลาดพร้าว,9,6.777331555942034
2023-10-18,วังทองหลาง,9,9.442392747942394
2023-10-18,สะพานสูง,1,7.309798800782064
2023-10-18,สาทร,5,9.859778127542926
2023-10-18,หลักสี่,4,7.494182122349704
2023-10-19,คลองเตย,19,17.986130494575164
2023-10-19,จตุจักร,22,31.395709227611594
2023-10-19,ดุสิต,5,8.204651381243313
2023-10-19,ทวีวัฒนา,5,5.7190611239418185
2023-10-19,ทุ่งครุ,3,6.429134892255225
2023-10-19,บางกอกน้อย,24,12.435611527478759
2023-10-19,บางแค,11,18.814413601731037
2023-10-19,พญาไท,28,8.37324079891695
2023-10-19,ยานนาวา,10,7.2207083598245205
2023-10-19,สาทร,6,7.2969972654063
2023-10-19,สายไหม,12,8.170342241460894
2023-10-20,คลองสาน,7,5.708298537609522
2023-10-20,คลองสามวา,14,11.060915999624644
2023-10-20,จตุจักร,26,20.379915310169185
2023-10-20,จอมทอง,6,6.497044107981208
2023-10-20,ทุ่งครุ,2,5.652890819027186
2023-10-20,บางซื่อ,3,27.082909343360143
2023-10-20,บางพลัด,9,9.325685720524763
2023-10-20,บางรัก,20,11.281204432126371
2023-10-20,บางเขน,12,16.073432471053078
2023-10-20,พญาไท,5,20.660573722146047
2023-10-20,ลาดพร้าว,5,6.902350101319103
2023-10-21,คลองสาน,3,6.484776354134775
2023-10-21,ตลิ่งชัน,10,11.506522344526449
2023-10-21,บางกอกใหญ่,2,6.389008342983841
2023-10-21,ป้อมปราบศัตรูพ่าย,8,9.780201448719485
2023-10-21,พญาไท,5,7.31290630661609
2023-10-21,พระนคร,5,12.349437237425576
2023-10-21,พระโขนง,2,7.861633971743098
2023-10-21,มีนบุรี,9,10.92769038721019
2023-10-21,ลาดพร้าว,4,7.015643179665733
2023-10-21,วังทองหลาง,10,8.167462236581894
2023-10-21,วัฒนา,13,16.393265275319255
2023-10-21,หนองจอก,16,21.184384551383125
2023-10-21,ห้วยขวาง,12,18.29258272224942
2023-10-22,จอมทอง,8,7.13529422399385
2023-10-22,ดุสิต,7,5.765676317378151
2023-10-22,บางกอกใหญ่,18,5.418990144139407
2023-10-22,บางซื่อ,34,9.267834125738828
2023-10-22,พญาไท,9,7.462138616934044
2023-10-22,ภาษีเจริญ,10,6.956128581489317
2023-10-22,มีนบุรี,14,9.570920727415395
2023-10-22,ราษฎร์บูรณะ,8,5.858289913822309
2023-10-22,ลาดกระบัง,9,18.30094842851087
2023-10-22,ห้วยขวาง,13,11.989985136289842
2023-10-23,คลองสามวา,4,9.437070025605923
2023-10-23,ดุสิต,4,6.662342128328949
2023-10-23,บางรัก,6,10.867016170990983
2023-10-23,ประเวศ,36,20.406935449752787
2023-10-23,พญาไท,9,9.663177474814757
2023-10-23,ภาษีเจริญ,6,9.732937541934094
2023-10-23,วัฒนา,12,16.59131646397146
2023-10-23,สวนหลวง,8,12.436167549559258
2023-10-23,สายไหม,14,11.946511552683994
2023-10-23,หนองจอก,11,12.77928160571585
2023-10-24,คลองสามวา,4,7.11419722291718
2023-10-24,คันนายาว,2,5.681201814417041
2023-10-24,ดอนเมือง,10,6.293575600167765
2023-10-24,ดุสิต,11,5.845648029078615
2023-10-24,บางขุนเทียน,20,21.363024160627496
2023-10-24,บางซื่อ,31,10.741710414509578
2023-10-24,บางแค,12,18.40388062016271
2023-10-24,ประเวศ,22,29.560860490053308
2023-10-24,มีนบุรี,10,8.228399707150512
2023-10-24,ราชเทวี,14,12.049679375574282
2023-10-24,สะพานสูง,6,7.3781474554123845
2023-10-24,สัมพันธวงศ์,2,5.410307065835339
2023-10-25,คลองเตย,33,25.431311536480457
2023-10-25,จอมทอง,5,7.451304732365692
2023-10-25,ดอนเมือง,10,9.131861480119518
2023-10-25,ดินแดง,9,15.136501875018984
2023-10-25,ธนบุรี,13,9.99542796772629
2023-10-25,บางกะปิ,21,15.593776287837906
2023-10-25,บางบอน,5,8.190518775307673
2023-10-25,บางพลัด,11,9.437464640245926
2023-10-25,บางเขน,20,15.855431781993317
2023-10-25,ปทุมวัน,14,17.696955902907128
2023-10-25,ป้อมปราบศัตรูพ่าย,17,10.4640818159432
2023-10-25,ภาษีเจริญ,5,9.713295158837827
2023-10-25,วังทองหลาง,11,9.37916631008879
2023-10-25,สวนหลวง,12,12.89299598079227
2023-10-25,สะพานสูง,4,7.363663478664959
2023-10-26,คันนายาว,3,5.58024589024338
2023-10-26,ดุสิต,12,7.141751650237232
2023-10-26,ทุ่งครุ,3,5.58024589024338
2023-10-26,บางคอแหลม,16,8.883536206401548
2023-10-26,พญาไท,12,11.01692019142644
2023-10-26,พระโขนง,3,7.888557215311657
2023-10-26,ราชเทวี,10,20.73653672021292
2023-10-26,วังทองหลาง,10,10.350809758806502
2023-10-26,สวนหลวง,10,13.425096214924949
2023-10-26,สาทร,6,10.88399997590817
2023-10-26,หนองจอก,13,7.099713246169754
2023-10-27,ตลิ่งชัน,12,11.443295906672846
2023-10-27,บางกะปิ,30,15.473874459658452
2023-10-27,บางซื่อ,5,11.420762076723133
2023-10-27,บางรัก,25,10.956845316692995
2023-10-27,บางแค,11,16.78749301654146
2023-10-27,ประเวศ,26,28.91884281332072
2023-10-27,ภาษีเจริญ,2,10.652725309407687
2023-10-27,ลาดพร้าว,6,7.151975516214604
2023-10-27,สะพานสูง,9,6.732624024397677
2023-10-28,คลองเตย,11,16.96669664068036
2023-10-28,ดอนเมือง,10,7.480016831298546
2023-10-28,ดุสิต,2,9.960947345263065
2023-10-28,ตลิ่งชัน,19,10.57042928423446
2023-10-28,บางกอกน้อย,22,11.542498711785973
2023-10-28,บางบอน,1,8.765086077852477
2023-10-28,มีนบุรี,9,9.666257380689647
2023-10-28,ลาดกระบัง,12,16.127642754570658
2023-10-28,สวนหลวง,9,14.068042542855357
2023-10-28,สาทร,10,7.980259906926932
2023-10-28,หนองจอก,8,7.980259906926932
2023-10-29,คลองเตย,8,13.25895648725918
2023-10-29,จอมทอง,8,6.980808779389548
2023-10-29,ตลิ่งชัน,13,13.50989486793622
2023-10-29,ทุ่งครุ,5,5.443323906621844
2023-10-29,บางกอกน้อย,26,13.773310307384136
2023-10-29,บางกะปิ,12,28.594841849178938
2023-10-29,บางคอแหลม,10,9.202516434159584
2023-10-29,บางซื่อ,21,14.246640873940322
2023-10-29,ป้อมปราบศัตรูพ่าย,7,8.357536956536688
2023-10-29,สวนหลวง,7,11.959158514198487
2023-10-29,สะพานสูง,4,6.589194439395449
2023-10-30,ตลิ่งชัน,9,11.181384676434963
2023-10-30,ทวีวัฒนา,3,6.647858151581524
2023-10-30,บางขุนเทียน,31,15.17330435716119
2023-10-30,วัฒนา,7,16.559228706545614
2023-10-30,สะพานสูง,6,6.522368228394511
2023-10-30,สัมพันธวงศ์,2,5.451230807670251
2023-10-30,หนองแขม,2,6.647858151581524
2023-10-31,คลองเตย,17,17.29175437771267
2023-10-31,จอมทอง,1,8.747838280665395
2023-10-31,ตลิ่งชัน,3,9.398808693185057
2023-10-31,บางกอกน้อย,28,20.2361086722376
2023-10-31,บางซื่อ,14,18.183448854818362
2023-10-31,ยานนาวา,26,12.836361811498609
2023-11-01,คลองสาน,6,5.914149768003422
2023-11-01,จตุจักร,31,28.892894483304428
2023-11-01,ทุ่งครุ,3,5.862251607097095
2023-11-01,บางกอกน้อย,31,19.876770057717433
2023-11-01,บางซื่อ,16,12.709990913662905
2023-11-01,ปทุมวัน,18,14.050574635016062
2023-11-01,พญาไท,12,11.88048224571856
2023-11-01,ราษฎร์บูรณะ,6,5.689838021689573
2023-11-01,สายไหม,7,9.79494032123098
2023-11-02,คลองสาน,11,6.680886473130849
2023-11-02,จตุจักร,25,26.34445206235777
2023-11-02,ดอนเมือง,6,7.331427151280765
2023-11-02,บางกอกน้อย,10,21.491924661831664
2023-11-02,บางเขน,25,15.199507737364902
2023-11-02,บางแค,28,14.609673136962467
2023-11-02,บึงกุ่ม,6,7.550861720031871
2023-11-02,ป้อมปราบศัตรูพ่าย,17,12.322806665310722
2023-11-02,สวนหลวง,24,15.38698934168699
2023-11-02,หลักสี่,8,8.268104238144957
2023-11-03,คลองสามวา,10,9.760209511106934
2023-11-03,จอมทอง,4,8.990437200211687
2023-11-03,ดุสิต,6,6.83507151772817
2023-11-03,ทวีวัฒนา,18,6.149800695357039
2023-11-03,บางกอกน้อย,22,10.014637668526671
2023-11-03,บางกะปิ,7,16.022726436193125
2023-11-03,บางขุนเทียน,28,16.06298183401051
2023-11-03,ลาดกระบัง,15,13.245749984248889
2023-11-03,วังทองหลาง,4,8.177733896446208
2023-11-03,วัฒนา,12,16.212889600436284
2023-11-03,หนองแขม,6,6.83507151772817
2023-11-03,ห้วยขวาง,18,11.92513999661749
2023-11-04,คลองสามวา,10,9.760209511106934
2023-11-04,คันนายาว,3,8.572005616194275
2023-11-04,ดุสิต,5,6.7676043659559495
2023-11-04,บางกอกใหญ่,1,5.9097990767083495
2023-11-04,บางขุนเทียน,13,20.40604671062981
2023-11-04,บางบอน,6,9.998561773037789
2023-11-04,บางเขน,17,44.90813083825258
2023-11-04,บางแค,11,23.313825643686457
2023-11-04,ปทุมวัน,2,29.765000701158762
2023-11-04,ป้อมปราบศัตรูพ่าย,8,18.08340819577247
2023-11-04,ลาดกระบัง,7,15.852511161108486
2023-11-04,สายไหม,7,9.31984442787397
2023-11-04,หนองแขม,4,6.7676043659559495
2023-11-05,ดอนเมือง,13,12.212524576983203
2023-11-05,ทวีวัฒนา,3,9.272102823961665
2023-11-05,บางกอกใหญ่,2,5.64911180519384
2023-11-05,บางบอน,1,6.736279999600578
2023-11-05,ปทุมวัน,9,11.204495217578287
2023-11-05,ลาดกระบัง,15,12.28895373347228
2023-11-05,สะพานสูง,12,6.728987330431711
2023-11-05,สัมพันธวงศ์,2,10.364475186479007
2023-11-05,สาทร,4,11.480148674398094
2023-11-06,คลองสามวา,17,9.89057784023542
2023-11-06,ป้อมปราบศัตรูพ่าย,24,8.357278963268133
2023-11-06,ราชเทวี,11,13.21357503286157
2023-11-06,ราษฎร์บูรณะ,6,5.7999540993986916
2023-11-06,สัมพันธวงศ์,1,5.488044255152957
2023-11-06,หนองแขม,9,5.94359822759994
2023-11-07,ทุ่งครุ,1,5.83739026344484
2023-11-07,บางกอกน้อย,13,25.941170449842154
2023-11-07,ปทุมวัน,13,16.754526399111597
2023-11-07,ประเวศ,21,29.13228662285104
2023-11-07,ภาษีเจริญ,13,9.470236453116673
2023-11-07,ลาดพร้าว,10,9.382577005986466
2023-11-08,คลองสาน,4,6.647242971802031
2023-11-08,คันนายาว,14,5.809734583989721
2023-11-08,ทวีวัฒนา,12,6.7078237019658244
2023-11-08,บางกอกน้อย,14,12.011693131920417
2023-11-08,บางบอน,1,8.773395353693566
2023-11-08,บึงกุ่ม,5,6.635781323428901
2023-11-08,ภาษีเจริญ,21,11.361394248526306
2023-11-08,วัฒนา,15,17.520112043229496
2023-11-08,หนองจอก,11,7.4332449818507484
2023-11-09,คลองเตย,19,16.816101196391354
2023-11-09,จตุจักร,31,24.857700259291306
2023-11-09,จอมทอง,10,7.124288362267781
2023-11-09,ทวีวัฒนา,16,9.88041241199782
2023-11-09,บางคอแหลม,44,23.30023898928779
2023-11-09,บางซื่อ,10,12.667607301157654
2023-11-09,บางพลัด,14,10.14950664633061
2023-11-09,บางเขน,29,16.493533885021094
2023-11-09,ปทุมวัน,15,17.040903754310985
2023-11-09,พระโขนง,5,7.824519628473634
2023-11-09,ภาษีเจริญ,10,13.295422926807195
2023-11-09,ราษฎร์บูรณะ,10,5.789790637367209
2023-11-09,สะพานสูง,7,7.888064335818347
2023-11-09,สัมพันธวงศ์,2,6.40036582442738
2023-11-10,จอมทอง,8,9.070982165030307
2023-11-10,ทวีวัฒนา,11,11.14881872007434
2023-11-10,ธนบุรี,11,10.336305419890252
2023-11-10,บางแค,12,15.506589317187826
2023-11-10,ราชเทวี,18,14.557269711104876
2023-11-10,สาทร,7,11.704103164157312
2023-11-11,คลองเตย,34,16.53664011246257
2023-11-11,ดุสิต,10,7.157961938199013
2023-11-11,บางขุนเทียน,22,12.856787296739352
2023-11-11,บางนา,8,9.350395491711804
2023-11-11,ป้อมปราบศัตรูพ่าย,10,10.245709469085812
2023-11-11,ลาดกระบัง,14,16.47565872220805
2023-11-11,สวนหลวง,18,12.493359359991455
2023-11-12,คลองสามวา,18,9.988306107015926
2023-11-12,คลองเตย,30,23.972775342697528
2023-11-12,คันนายาว,7,5.812662679831002
2023-11-12,ดุสิต,2,9.012776584340141
2023-11-12,บางกอกน้อย,21,11.81224534062844
2023-11-12,บางกะปิ,22,14.360368101233615
2023-11-12,บางคอแหลม,4,9.32933887283315
2023-11-12,บางบอน,4,5.601230102716577
2023-11-12,บางพลัด,10,10.915408568133422
2023-11-12,ป้อมปราบศัตรูพ่าย,8,10.000762404771297
2023-11-12,พระโขนง,16,8.42712489257459
2023-11-12,ราชเทวี,8,15.40160863029837
2023-11-12,ลาดพร้าว,10,6.796786410211029
2023-11-12,สวนหลวง,5,15.712043030005955
2023-11-12,หนองจอก,16,9.988306107015926
2023-11-13,คลองเตย,20,21.51727893289806
2023-11-13,จอมทอง,11,6.196837990879654
2023-11-13,ดินแดง,23,13.801777264741427
2023-11-13,ดุสิต,6,5.6908274270220565
2023-11-13,ทวีวัฒนา,4,9.365321595284847
2023-11-13,ราษฎร์บูรณะ,6,5.57200844635179
2023-11-13,สัมพันธวงศ์,3,5.341958411205018
2023-11-14,จอมทอง,5,9.872710603736362
2023-11-14,ทุ่งครุ,7,5.612853159786718
2023-11-14,บางกอกใหญ่,11,5.326700008692074
2023-11-14,บางรัก,15,11.875076092695897
2023-11-14,บางเขน,24,16.246598352936722
2023-11-14,ป้อมปราบศัตรูพ่าย,11,9.512752761214896
2023-11-14,วังทองหลาง,11,9.462035131038661
2023-11-15,คลองเตย,31,17.832934674015753
2023-11-15,จอมทอง,9,6.482821241293314
2023-11-15,บางกอกใหญ่,8,9.659772557480682
2023-11-15,บางกะปิ,18,13.363327292810755
2023-11-15,บางขุนเทียน,16,18.316760416642182
2023-11-15,บางเขน,29,19.15148650593514
2023-11-15,ปทุมวัน,16,16.372209639162758
2023-11-15,พญาไท,8,9.95247585317177
2023-11-15,ลาดพร้าว,10,9.309738102381555
2023-11-15,สะพานสูง,8,6.413095831929276
2023-11-15,หนองจอก,14,12.842508043569456
2023-11-16,จอมทอง,12,8.742328503504766
2023-11-16,ดอนเมือง,3,6.225226945537443
2023-11-16,ดินแดง,15,17.466162541535496
2023-11-16,บางขุนเทียน,11,16.112837797085845
2023-11-16,ปทุมวัน,23,16.31885875061792
2023-11-16,ประเวศ,44,17.827288300893024
2023-11-16,ป้อมปราบศัตรูพ่าย,17,12.38041280384939
2023-11-16,ราษฎร์บูรณะ,1,8.204651381243313
2023-11-16,ลาดพร้าว,10,9.639768317643258
2023-11-16,วัฒนา,23,20.58248295998937
2023-11-17,คลองเตย,16,20.506301442250482
2023-11-17,ตลิ่งชัน,17,10.102144038083305
2023-11-17,บางกะปิ,12,16.078020578660816
2023-11-17,บางซื่อ,3,13.043711714677164
2023-11-17,บางพลัด,5,9.757996181976326
2023-11-17,บางรัก,14,14.4265357474336
2023-11-17,ปทุมวัน,23,17.78383333929632
2023-11-17,พญาไท,11,24.146220010918015
2023-11-17,พระนคร,9,11.010809779845044
2023-11-17,ยานนาวา,12,12.868943840223874
2023-11-17,ราษฎร์บูรณะ,7,5.563540631657119
2023-11-17,ลาดพร้าว,4,9.658681168347627
2023-11-17,วัฒนา,26,18.69527958748116
2023-11-17,หนองแขม,8,10.118202260946791
2023-11-17,หลักสี่,3,7.653968547761819
2023-11-17,ห้วยขวาง,20,13.824123427511514
2023-11-18,คลองสาน,6,7.131471600618212
2023-11-18,ดอนเมือง,10,8.565422195528829
2023-11-18,บางกอกน้อย,12,9.402070304759373
2023-11-18,พญาไท,7,10.416961177037269
2023-11-18,ภาษีเจริญ,17,9.222392191936999
2023-11-18,ยานนาวา,10,10.934401196058744
2023-11-18,ลาดกระบัง,8,12.75129906535702
2023-11-18,สัมพันธวงศ์,1,5.569467698718524
2023-11-18,สายไหม,6,10.37636647778585
2023-11-19,ตลิ่งชัน,24,8.069363665705017
2023-11-19,ทวีวัฒนา,2,9.43197702714329
2023-11-19,บางบอน,4,5.54582238413424
2023-11-19,บางเขน,32,15.249793437339232
2023-11-19,ประเวศ,25,17.403964303124912
2023-11-19,มีนบุรี,3,8.486387074202307
2023-11-19,ยานนาวา,14,9.943310908585294
2023-11-19,ราษฎร์บูรณะ,1,5.560385389281648
2023-11-19,ลาดพร้าว,7,9.438266081854557
2023-11-19,วังทองหลาง,14,10.679073340713908
2023-11-19,สวนหลวง,8,11.148954426505238
2023-11-19,สัมพันธวงศ์,2,5.146541696443251
2023-11-19,ห้วยขวาง,11,13.280406005697841
2023-11-20,จอมทอง,7,6.227902219723553
2023-11-20,ดอนเมือง,2,10.520291624175073
2023-11-20,ดินแดง,22,14.863488286404692
2023-11-20,บางกะปิ,8,16.448365346821934
2023-11-20,บางเขน,15,26.764574248886976
2023-11-20,บางแค,13,12.961797735420395
2023-11-20,บึงกุ่ม,12,13.481399347247514
2023-11-20,ยานนาวา,17,11.8453630024971
2023-11-21,จตุจักร,37,29.37534432547711
2023-11-21,จอมทอง,5,7.100004037556223
2023-11-21,บางขุนเทียน,18,15.759366011224682
2023-11-21,บางเขน,16,15.63548118351988
2023-11-22,คลองสาน,6,6.533412743534834
2023-11-22,ดอนเมือง,9,11.008639569778762
2023-11-22,บางกะปิ,14,16.180533787000137
2023-11-22,บึงกุ่ม,11,10.063872429164315
2023-11-22,พระโขนง,4,9.346941623218246
2023-11-22,ราษฎร์บูรณะ,3,6.450361547599028
2023-11-22,วังทองหลาง,11,6.9047064938003855
2023-11-22,สายไหม,5,11.793593851578363
2023-11-22,หนองจอก,4,10.543029015783421
2023-11-22,หนองแขม,7,5.663653405359482
2023-11-22,ห้วยขวาง,15,14.268271491706193
2023-11-23,ดุสิต,53,6.6411154729851445
2023-11-23,บางกอกน้อย,11,8.132842580404569
2023-11-23,บางขุนเทียน,9,16.338199640083985
2023-11-23,ประเวศ,30,22.86020620672104
2023-11-23,พระนคร,14,10.45461030346831
2023-11-23,ราชเทวี,19,15.509864371154165
2023-11-23,ราษฎร์บูรณะ,1,5.671421329826011
2023-11-23,ลาดกระบัง,7,16.523084133341815
2023-11-23,สัมพันธวงศ์,5,5.410307065835339
2023-11-23,สายไหม,7,7.234616365701856
2023-11-23,หนองแขม,2,6.6411154729851445
2023-11-24,คลองสามวา,11,7.183808049711911
2023-11-24,บางพลัด,9,7.450021128632903
2023-11-24,ประเวศ,18,23.97450201422358
2023-11-24,พญาไท,10,11.272534502845142
2023-11-24,ราษฎร์บูรณะ,2,5.631889286287441
2023-11-24,หนองแขม,5,5.735802478804915
2023-11-24,ห้วยขวาง,14,12.2338276897819
2023-11-25,คลองสาน,4,5.744298284221805
2023-11-25,จตุจักร,63,25.477179802929488
2023-11-25,บางกะปิ,23,16.007043613348422
2023-11-25,บางคอแหลม,20,10.652876554514467
2023-11-25,มีนบุรี,12,8.125171488653388
2023-11-25,ลาดพร้าว,8,7.918835843999164
2023-11-25,วัฒนา,9,14.451866592919288
2023-11-25,สวนหลวง,9,13.940347771550075
2023-11-25,สัมพันธวงศ์,4,5.442339306796205
2023-11-25,ห้วยขวาง,22,12.992781043074975
2023-11-26,คลองสาน,3,5.655094780599475
2023-11-26,จตุจักร,26,38.520134818972814
2023-11-26,ทวีวัฒนา,9,7.401711425118694
2023-11-26,บางกะปิ,18,19.180592985367408
2023-11-26,บางบอน,2,11.610021478538787
2023-11-26,ประเวศ,26,15.688288898166249
2023-11-26,พระนคร,6,7.336298091031578
2023-11-26,ภาษีเจริญ,14,11.21935614668951
2023-11-27,บางนา,8,11.135406262155541
2023-11-27,ประเวศ,10,22.51300341351176
2023-11-27,หนองจอก,10,7.902941140180793
2023-11-28,คลองเตย,21,16.676098110196225
2023-11-28,ดอนเมือง,4,6.27909162342034
2023-11-28,ดินแดง,13,14.729737483068954
2023-11-28,บางกอกน้อย,25,25.490063496370176
2023-11-28,บางกะปิ,19,15.203921127564504
2023-11-28,บางบอน,4,5.544377569520778
2023-11-28,พญาไท,8,12.39678883394907
2023-11-29,คันนายาว,5,5.58024589024338
2023-11-29,ดุสิต,20,6.647858151581524
2023-11-29,บางนา,13,8.229519576749663
2023-11-29,บางแค,9,14.22379037070622
2023-11-29,ประเวศ,30,13.818756671548538
2023-11-29,ป้อมปราบศัตรูพ่าย,13,9.429883940265025
2023-11-29,พระนคร,13,9.99262625690417
2023-11-29,วัฒนา,10,32.303401690790004
2023-11-29,หนองจอก,4,11.238858790947098
2023-11-29,หนองแขม,3,7.162978305581037
2023-11-30,คลองสามวา,10,7.099713246169754
2023-11-30,คันนายาว,11,5.866229140657039
2023-11-30,จตุจักร,32,24.531870766435436
2023-11-30,ดุสิต,4,13.307568665430207
2023-11-30,บางกอกน้อย,26,13.302991469976948
2023-11-30,บางกอกใหญ่,8,6.387231558987187
2023-11-30,บางขุนเทียน,14,16.09201157839731
2023-11-30,พญาไท,16,10.39667388384451
2023-11-30,ราษฎร์บูรณะ,3,5.625873124234687
2023-11-30,วังทองหลาง,17,7.992715443564043
2023-11-30,ห้วยขวาง,6,14.02609218625382
2023-12-01,คลองเตย,30,20.789129473175315
2023-12-01,คันนายาว,2,8.814914420375697
2023-12-01,ดินแดง,13,14.075433812775648
2023-12-01,ทุ่งครุ,4,6.18829227522672
2023-12-01,บางบอน,3,5.887254877677387
2023-12-01,ปทุมวัน,22,14.04405687910913
2023-12-01,ประเวศ,17,16.885882670788494
2023-12-01,สัมพันธวงศ์,3,5.6083509766280155
2023-12-01,หลักสี่,11,9.359079321398255
2023-12-02,คลองสามวา,4,8.42186596956905
2023-12-02,คลองเตย,22,21.848407577028908
2023-12-02,จตุจักร,25,25.96535678636352
2023-12-02,ดอนเมือง,9,7.823337267912069
2023-12-02,ดินแดง,15,13.133251473547304
2023-12-02,บางขุนเทียน,18,12.288959099242357
2023-12-02,บางบอน,5,5.886777468632195
2023-12-02,บางเขน,15,13.6925938522994
2023-12-02,พระโขนง,4,7.408334779769069
2023-12-02,มีนบุรี,8,9.038159268200914
2023-12-02,สัมพันธวงศ์,1,5.572005246860221
2023-12-03,คลองสามวา,4,7.321421578985737
2023-12-03,ธนบุรี,16,11.44696447421388
2023-12-03,บางกอกน้อย,55,20.160628840002694
2023-12-03,บางขุนเทียน,7,16.095686073806586
2023-12-03,บางคอแหลม,3,9.500298587609555
2023-12-03,บางพลัด,8,8.181975374831847
2023-12-03,บางเขน,11,14.925255598316767
2023-12-03,บางแค,4,13.623164286187754
2023-12-03,ป้อมปราบศัตรูพ่าย,4,11.331336530045574
2023-12-03,พญาไท,9,19.651924442405637
2023-12-03,ภาษีเจริญ,10,10.80226373030801
2023-12-03,ยานนาวา,6,9.871698728966324
2023-12-03,วังทองหลาง,8,11.231965590042401
2023-12-03,สวนหลวง,9,14.387711732443403
2023-12-04,คลองสามวา,5,7.357374443299079
2023-12-04,จอมทอง,3,6.500610925038744
2023-12-04,บางนา,4,7.690405164390137
2023-12-04,บางเขน,17,13.099863540342989
2023-12-04,บางแค,9,12.618409752697412
2023-12-04,พญาไท,10,9.749346295046756
2023-12-04,พระโขนง,6,7.119390522089101
2023-12-04,หนองแขม,7,11.830490638329625
2023-12-05,คลองสาน,4,8.208489178182777
2023-12-05,คลองเตย,13,13.408282405819936
2023-12-05,ดินแดง,7,11.795299750963109
2023-12-05,ตลิ่งชัน,11,9.509561352023603
2023-12-05,บางกอกน้อย,24,16.568227848127464
2023-12-05,ราชเทวี,4,13.0683771249623
2023-12-06,ดุสิต,4,6.001836478106414
2023-12-06,บางกะปิ,7,12.747852958432357
2023-12-06,บางขุนเทียน,14,12.391753874194686
2023-12-06,บางแค,5,14.303289098762614
2023-12-06,ปทุมวัน,18,17.255721122075023
2023-12-06,ประเวศ,10,16.977878066320166
2023-12-06,พระนคร,13,8.315970750146812
2023-12-06,ยานนาวา,8,8.045115017777272
2023-12-06,วัฒนา,13,14.510251076741199
2023-12-07,คลองสามวา,13,11.19076684401726
2023-12-07,จตุจักร,36,20.2453709210932
2023-12-07,ทวีวัฒนา,20,5.915942548144821
2023-12-07,บางขุนเทียน,6,15.346647971737658
2023-12-07,บางซื่อ,9,10.988932845532606
2023-12-07,บางบอน,4,5.754326865407384
2023-12-07,บางแค,16,13.176398236604507
2023-12-07,สาทร,8,12.204697663322348
2023-12-07,สายไหม,5,10.11941295176423
2023-12-07,หลักสี่,8,9.218366380207339
2023-12-08,คลองสามวา,6,11.831114597070128
2023-12-08,ดุสิต,9,10.579482991311199
2023-12-08,ตลิ่งชัน,7,9.452222122456652
2023-12-08,บางกอกใหญ่,3,5.857826569288808
2023-12-08,บางเขน,6,15.028919110092342
2023-12-08,บางแค,9,17.500179291780007
2023-12-08,ลาดกระบัง,14,16.02442586063638
2023-12-08,สายไหม,9,7.403277642029964
2023-12-08,ห้วยขวาง,7,10.143314330322875
2023-12-09,จตุจักร,30,25.96535678636352
2023-12-09,จอมทอง,5,6.386093365508794
2023-12-09,ดินแดง,6,13.582053369373957
2023-12-09,บางกะปิ,8,12.939185085107354
2023-12-09,บางคอแหลม,10,10.598566021733067
2023-12-09,บึงกุ่ม,37,8.554814179988053
2023-12-09,ปทุมวัน,18,17.037173204872968
2023-12-09,พระนคร,4,12.014382857217257
2023-12-09,ราษฎร์บูรณะ,5,6.543320380546193
2023-12-09,ลาดกระบัง,5,15.476838969669256
2023-12-09,สวนหลวง,13,14.427241713797505
2023-12-10,คันนายาว,7,5.597562924944387
2023-12-10,ดอนเมือง,2,9.439136572649348
2023-12-10,บางคอแหลม,22,9.566344199161843
2023-12-10,บางบอน,8,5.732540346305759
2023-12-10,พระนคร,9,7.505220477419215
2023-12-10,ราชเทวี,9,10.645286992077791
2023-12-10,ราษฎร์บูรณะ,4,6.045007875993828
2023-12-10,สาทร,4,8.002709196557792
2023-12-11,จตุจักร,22,24.54500191285257
2023-12-11,ดุสิต,3,6.57536107145513
2023-12-11,ตลิ่งชัน,18,10.66906289121636
2023-12-11,บางกอกน้อย,3,12.567641746024002
2023-12-11,บางคอแหลม,3,13.859443874563127
2023-12-11,บางซื่อ,9,21.890829178405518
2023-12-11,บางพลัด,6,8.37966469925249
2023-12-11,บึงกุ่ม,10,7.418714847449214
2023-12-11,ห้วยขวาง,13,11.455218744988128
2023-12-12,จตุจักร,39,20.289302828746585
2023-12-12,ดอนเมือง,10,9.188321753005114
2023-12-12,ดินแดง,16,11.18078296631317
2023-12-12,ดุสิต,2,5.721891655865956
2023-12-12,ตลิ่งชัน,11,12.431360156343587
2023-12-12,บางแค,9,14.00545091283521
2023-12-12,ประเวศ,11,16.36294620351235
2023-12-12,ลาดพร้าว,7,7.7440387032189495
2023-12-12,วัฒนา,14,16.37682889977404
2023-12-13,คลองสาน,3,5.812364462774142
2023-12-13,บางขุนเทียน,13,11.17159316278529
2023-12-13,บางซื่อ,11,11.030545556274108
2023-12-13,ป้อมปราบศัตรูพ่าย,17,12.418162244208588
2023-12-13,พระนคร,21,8.029814256412505
2023-12-13,พระโขนง,7,6.894403994902966
2023-12-13,สัมพันธวงศ์,5,5.206980989843644
2023-12-14,คลองสามวา,10,7.2969972654063
2023-12-14,จตุจักร,29,21.80441772810835
2023-12-14,บางกอกใหญ่,3,7.980565919469852
2023-12-14,บางบอน,5,5.612853159786718
2023-12-14,พระโขนง,10,7.789569797604463
2023-12-14,ภาษีเจริญ,8,10.564605492290038
2023-12-14,ลาดกระบัง,7,12.824490108111911
2023-12-14,ลาดพร้าว,7,7.576391422475571
2023-12-14,สายไหม,10,12.304821729187585
2023-12-15,คลองเตย,29,34.38279193888938
2023-12-15,ตลิ่งชัน,13,11.433777396739234
2023-12-15,ทุ่งครุ,3,5.852421880490108
2023-12-15,ธนบุรี,10,9.302645322968726
2023-12-15,บางกะปิ,18,13.112114480121278
2023-12-15,บางคอแหลม,9,6.672047825475187
2023-12-15,บางซื่อ,5,12.97096676688995
2023-12-15,บางเขน,6,15.31584450980353
2023-12-15,ประเวศ,21,17.88118473865908
2023-12-15,มีนบุรี,10,7.817319522486137
2023-12-15,ราชเทวี,6,26.639000903039864
2023-12-15,ลาดกระบัง,12,12.835555446278722
2023-12-15,ลาดพร้าว,10,7.757404503231489
2023-12-15,สวนหลวง,13,12.707755972050265
2023-12-15,หนองแขม,14,5.698518053018493
2023-12-16,จตุจักร,35,21.780691117871484
2023-12-16,ดินแดง,6,11.548495222552356
2023-12-16,ทุ่งครุ,6,5.635025887756571
2023-12-16,ธนบุรี,7,9.82659374650956
2023-12-16,บางนา,1,7.829914223993218
2023-12-16,บางบอน,17,5.784954728717889
2023-12-16,พระนคร,14,11.166660268941314
2023-12-16,ราษฎร์บูรณะ,3,5.736060840330215
2023-12-16,ลาดกระบัง,17,14.200324150474477
2023-12-16,วัฒนา,6,35.99005664604329
2023-12-16,สวนหลวง,8,13.990572107020109
2023-12-17,คลองสามวา,6,7.009895703973515
2023-12-17,จอมทอง,6,6.518111427730939
2023-12-17,ดินแดง,8,10.467350277933786
2023-12-17,ดุสิต,7,5.710268598795815
2023-12-17,ธนบุรี,23,8.019040483315674
2023-12-17,บางซื่อ,18,10.774929958025975
2023-12-17,บางพลัด,18,8.745549698914044
2023-12-17,บึงกุ่ม,8,8.83869984038054
2023-12-17,ป้อมปราบศัตรูพ่าย,9,8.453720632133379
2023-12-17,สวนหลวง,10,11.427093803021698
2023-12-17,สัมพันธวงศ์,2,6.141233758501974
2023-12-17,สาทร,37,7.009895703973515
2023-12-17,หลักสี่,9,7.059510543589008
2023-12-18,จตุจักร,19,24.178580463078866
2023-12-18,จอมทอง,4,6.971830101796122
2023-12-18,ดินแดง,12,11.522848648241109
2023-12-18,ดุสิต,5,6.548870733874329
2023-12-18,ตลิ่งชัน,7,13.347676341064007
2023-12-18,ธนบุรี,9,15.684524292858285
2023-12-18,บางกอกน้อย,14,24.471103229100997
2023-12-18,บึงกุ่ม,2,7.7640658154671485
2023-12-18,ประเวศ,18,16.66139381986333
2023-12-18,ยานนาวา,5,9.428892716964617
2023-12-18,วัฒนา,16,16.64602293745923
2023-12-18,สัมพันธวงศ์,2,5.310894182361118
2023-12-18,หนองจอก,4,7.045848568286859
2023-12-18,หลักสี่,6,9.041506413824159
2023-12-19,คลองสาน,8,6.405238807774731
2023-12-19,จอมทอง,6,6.283309938305891
2023-12-19,ดอนเมือง,11,6.913747109027675
2023-12-19,ดุสิต,8,5.976810677435716
2023-12-19,บางกอกใหญ่,4,5.461677430053448
2023-12-19,บางเขน,10,15.06361329232378
2023-12-19,บึงกุ่ม,6,6.482543808884122
2023-12-19,พระนคร,10,8.575987695974659
2023-12-19,วัฒนา,22,16.64602293745923
2023-12-19,สายไหม,8,7.166267711071534
2023-12-19,หนองแขม,13,9.11612359037137
2023-12-20,คลองเตย,19,18.734048255270718
2023-12-20,จตุจักร,20,18.95234829193854
2023-12-20,บางกอกน้อย,22,9.799113119807888
2023-12-20,บางแค,10,17.49477232525748
2023-12-20,พระโขนง,4,6.9498117134853015
2023-12-20,ราชเทวี,15,17.43204098361273
2023-12-20,สวนหลวง,15,15.635466260401031
2023-12-21,คลองสาน,4,5.812364462774142
2023-12-21,จอมทอง,3,6.482821241293314
2023-12-21,ดินแดง,7,11.378355852945106
2023-12-21,บางกะปิ,10,16.032447635358565
2023-12-21,บางซื่อ,16,8.639165737518526
2023-12-21,บางรัก,17,13.644766234918928
2023-12-21,บางเขน,16,12.925245041179902
2023-12-21,ป้อมปราบศัตรูพ่าย,13,11.526071230342684
2023-12-21,มีนบุรี,9,8.205634366739748
2023-12-21,ราชเทวี,28,14.783988414278364
2023-12-21,หนองแขม,4,8.63515412255973
2023-12-22,บางคอแหลม,17,7.3324190893531
2023-12-22,บางซื่อ,4,12.785256338880483
2023-12-22,บางนา,10,9.601111702550218
2023-12-22,สวนหลวง,8,11.68309932493192
2023-12-22,สะพานสูง,6,9.07091940274832
2023-12-22,หลักสี่,6,7.957107615606968
2023-12-23,ธนบุรี,7,8.105637605143606
2023-12-23,บางกอกน้อย,8,11.500354062696106
2023-12-23,บางขุนเทียน,12,15.935288058383472
2023-12-23,บางนา,6,9.435209317222979
2023-12-23,บางรัก,5,14.357303961159417
2023-12-23,บางแค,9,13.897716666951819
2023-12-23,บึงกุ่ม,11,7.288795358371665
2023-12-23,ปทุมวัน,20,15.789694311830539
2023-12-23,ป้อมปราบศัตรูพ่าย,10,10.775230244862689
2023-12-23,พระนคร,12,8.132621861045545
2023-12-23,วัฒนา,12,16.847244417515263
2023-12-23,สัมพันธวงศ์,7,6.1898392914677975
2023-12-23,หนองจอก,5,7.048266664073905
2023-12-23,หนองแขม,31,9.006039951490497
2023-12-23,หลักสี่,13,7.405446361758871
2023-12-24,คลองสาน,16,5.511495091290927
2023-12-24,คลองเตย,15,17.616114957922363
2023-12-24,คันนายาว,5,6.4542609279240795
2023-12-24,ทุ่งครุ,4,6.4542609279240795
2023-12-24,ธนบุรี,7,7.98471319047236
2023-12-24,บางกอกใหญ่,2,5.682567375836753
2023-12-24,บึงกุ่ม,4,9.86834610004929
2023-12-24,ลาดพร้าว,4,7.685679820189295
2023-12-25,คลองเตย,24,16.296483021752294
2023-12-25,ทุ่งครุ,3,5.56404189019598
2023-12-25,บางขุนเทียน,12,11.427669838515275
2023-12-25,บางคอแหลม,4,7.126610093650224
2023-12-25,บางรัก,9,9.743222512044508
2023-12-25,วัฒนา,24,17.126389211306506
2023-12-25,สัมพันธวงศ์,5,7.912943025390381
2023-12-25,หนองแขม,9,5.670249854351081
2023-12-26,คลองสาน,9,5.763553193183403
2023-12-26,คลองสามวา,11,7.248185995815563
2023-12-26,บางกอกใหญ่,4,6.8784732600646405
2023-12-26,บางขุนเทียน,7,13.432661914274595
2023-12-26,บางนา,8,7.936809307725275
2023-12-26,บางเขน,17,12.308260718403016
2023-12-26,พระโขนง,10,7.6155645579579545
2023-12-26,วัฒนา,18,19.033254317003987
2023-12-26,ห้วยขวาง,6,11.019996684959642
2023-12-27,คลองเตย,20,20.378751120525784
2023-12-27,ดอนเมือง,8,7.325738765596499
2023-12-27,ดินแดง,9,10.888899234876149
2023-12-27,ทุ่งครุ,1,5.763553193183403
2023-12-27,บางขุนเทียน,7,11.945896414026643
2023-12-27,บางคอแหลม,7,8.654283247699635
2023-12-27,มีนบุรี,13,6.9416295801137835
2023-12-27,ราชเทวี,20,14.853401247601406
2023-12-27,ราษฎร์บูรณะ,2,5.80918042717471
2023-12-27,สายไหม,14,10.1663609697142
2023-12-27,หลักสี่,5,11.61310227924768
2023-12-27,ห้วยขวาง,8,10.953758184253505
2023-12-28,จตุจักร,31,19.903245888019466
2023-12-28,ดุสิต,4,5.673080386275218
2023-12-28,บางกอกน้อย,18,20.460608790694355
2023-12-28,บางกะปิ,14,13.787224762015033
2023-12-28,บางเขน,12,12.773758496246192
2023-12-28,ราชเทวี,12,15.263880620746367
2023-12-28,ลาดกระบัง,6,12.71774202156332
2023-12-28,สวนหลวง,11,12.095048555356284
2023-12-28,สัมพันธวงศ์,1,5.348554860196615
2023-12-29,คันนายาว,10,5.469102128075074
2023-12-29,จตุจักร,24,25.37546119236303
2023-12-29,จอมทอง,1,6.304109495509883
2023-12-29,ทวีวัฒนา,7,5.514729362066381
2023-12-29,ทุ่งครุ,2,5.659487268018784
2023-12-29,บางซื่อ,8,8.534995031124428
2023-12-29,บางพลัด,4,7.934965876031244
2023-12-29,ปทุมวัน,23,13.555911955538846
2023-12-29,ป้อมปราบศัตรูพ่าย,1,11.726861533105716
2023-12-29,พระนคร,27,7.481233244428478
2023-12-29,ลาดกระบัง,9,12.336702535840283
2023-12-29,ลาดพร้าว,8,7.708593233640751
2023-12-29,สัมพันธวงศ์,6,5.253615098075709
2023-12-29,หลักสี่,5,9.116843881291015
2023-12-30,คันนายาว,17,8.460530452522105
2023-12-30,บางแค,1,12.966539021353118
2023-12-30,ปทุมวัน,21,17.003932409069755
2023-12-30,ราชเทวี,11,11.57582078833846
2023-12-30,ลาดพร้าว,1,7.77103715670123
2023-12-31,ดินแดง,6,9.105863720993728
2023-12-31,บางรัก,4,8.698019016627848
2023-12-31,บางเขน,7,9.907405917647726
2023-12-31,ประเวศ,5,13.065759815984515
2023-12-31,พญาไท,4,6.945054119649439
2023-12-31,ยานนาวา,1,6.679592272353574
2023-12-31,ราชเทวี,7,11.62382847275877
2023-12-31,ราษฎร์บูรณะ,2,5.466064926353473
2023-12-31,วังทองหลาง,1,6.85525145491552
2023-12-31,หนองจอก,1,7.723700778475501
2023-12-31,หนองแขม,9,5.414815519262904
2023-12-31,หลักสี่,7,6.573490275148299
